"LOCATION","Country","SUBJECT","Subject","MEASURE","Measure","FREQUENCY","Frequency","TIME","Time","Unit Code","Unit","PowerCode Code","PowerCode","Reference Period Code","Reference Period","Value","Flag Codes","Flags"
"OECDE","OECD - Europe","CPALTT01","CPI: 01-12 - All items","IXOB","Index","M","Monthly","1976-04","Apr-1976","IDX","Index","0","units","2010_100","2010=100",9.995416,,
"OECDE","OECD - Europe","CPALTT01","CPI: 01-12 - All items","IXOB","Index","M","Monthly","1976-05","May-1976","IDX","Index","0","units","2010_100","2010=100",10.09804,,
"OECDE","OECD - Europe","CPALTT01","CPI: 01-12 - All items","IXOB","Index","M","Monthly","1976-06","Jun-1976","IDX","Index","0","units","2010_100","2010=100",10.14188,,
"OECDE","OECD - Europe","CPALTT01","CPI: 01-12 - All items","IXOB","Index","M","Monthly","1976-07","Jul-1976","IDX","Index","0","units","2010_100","2010=100",10.18713,,
"OECDE","OECD - Europe","CPALTT01","CPI: 01-12 - All items","IXOB","Index","M","Monthly","1976-08","Aug-1976","IDX","Index","0","units","2010_100","2010=100",10.26792,,
"OECDE","OECD - Europe","CPALTT01","CPI: 01-12 - All items","IXOB","Index","M","Monthly","1976-09","Sep-1976","IDX","Index","0","units","2010_100","2010=100",10.38078,,
"OECDE","OECD - Europe","CPALTT01","CPI: 01-12 - All items","IXOB","Index","M","Monthly","1976-10","Oct-1976","IDX","Index","0","units","2010_100","2010=100",10.51464,,
"OECDE","OECD - Europe","CPALTT01","CPI: 01-12 - All items","IXOB","Index","M","Monthly","1976-11","Nov-1976","IDX","Index","0","units","2010_100","2010=100",10.62263,,
"OECDE","OECD - Europe","CPALTT01","CPI: 01-12 - All items","IXOB","Index","M","Monthly","1976-12","Dec-1976","IDX","Index","0","units","2010_100","2010=100",10.69954,,
"OECDE","OECD - Europe","CPALTT01","CPI: 01-12 - All items","IXOB","Index","M","Monthly","1977-01","Jan-1977","IDX","Index","0","units","2010_100","2010=100",10.83691,,
"OECDE","OECD - Europe","CPALTT01","CPI: 01-12 - All items","IXOB","Index","M","Monthly","1977-02","Feb-1977","IDX","Index","0","units","2010_100","2010=100",10.94194,,
"OECDE","OECD - Europe","CPALTT01","CPI: 01-12 - All items","IXOB","Index","M","Monthly","1977-03","Mar-1977","IDX","Index","0","units","2010_100","2010=100",11.05867,,
"OECDE","OECD - Europe","CPALTT01","CPI: 01-12 - All items","IXOB","Index","M","Monthly","1977-04","Apr-1977","IDX","Index","0","units","2010_100","2010=100",11.20428,,
"OECDE","OECD - Europe","CPALTT01","CPI: 01-12 - All items","IXOB","Index","M","Monthly","1977-05","May-1977","IDX","Index","0","units","2010_100","2010=100",11.29238,,
"OECDE","OECD - Europe","CPALTT01","CPI: 01-12 - All items","IXOB","Index","M","Monthly","1977-06","Jun-1977","IDX","Index","0","units","2010_100","2010=100",11.39179,,
"OECDE","OECD - Europe","CPALTT01","CPI: 01-12 - All items","IXOB","Index","M","Monthly","1977-07","Jul-1977","IDX","Index","0","units","2010_100","2010=100",11.47325,,
"OECDE","OECD - Europe","CPALTT01","CPI: 01-12 - All items","IXOB","Index","M","Monthly","1977-08","Aug-1977","IDX","Index","0","units","2010_100","2010=100",11.55696,,
"OECDE","OECD - Europe","CPALTT01","CPI: 01-12 - All items","IXOB","Index","M","Monthly","1977-09","Sep-1977","IDX","Index","0","units","2010_100","2010=100",11.67385,,
"OECDE","OECD - Europe","CPALTT01","CPI: 01-12 - All items","IXOB","Index","M","Monthly","1977-10","Oct-1977","IDX","Index","0","units","2010_100","2010=100",11.7963,,
"OECDE","OECD - Europe","CPALTT01","CPI: 01-12 - All items","IXOB","Index","M","Monthly","1977-11","Nov-1977","IDX","Index","0","units","2010_100","2010=100",11.89507,,
"OECDE","OECD - Europe","CPALTT01","CPI: 01-12 - All items","IXOB","Index","M","Monthly","1977-12","Dec-1977","IDX","Index","0","units","2010_100","2010=100",11.97487,,
"OECDE","OECD - Europe","CPALTT01","CPI: 01-12 - All items","IXOB","Index","M","Monthly","1978-01","Jan-1978","IDX","Index","0","units","2010_100","2010=100",12.08846,,
"OECDE","OECD - Europe","CPALTT01","CPI: 01-12 - All items","IXOB","Index","M","Monthly","1978-02","Feb-1978","IDX","Index","0","units","2010_100","2010=100",12.18956,,
"OECDE","OECD - Europe","CPALTT01","CPI: 01-12 - All items","IXOB","Index","M","Monthly","1978-03","Mar-1978","IDX","Index","0","units","2010_100","2010=100",12.28802,,
"OECDE","OECD - Europe","CPALTT01","CPI: 01-12 - All items","IXOB","Index","M","Monthly","1978-04","Apr-1978","IDX","Index","0","units","2010_100","2010=100",12.42966,,
"OECDE","OECD - Europe","CPALTT01","CPI: 01-12 - All items","IXOB","Index","M","Monthly","1978-05","May-1978","IDX","Index","0","units","2010_100","2010=100",12.53426,,
"OECDE","OECD - Europe","CPALTT01","CPI: 01-12 - All items","IXOB","Index","M","Monthly","1978-06","Jun-1978","IDX","Index","0","units","2010_100","2010=100",12.63198,,
"OECDE","OECD - Europe","CPALTT01","CPI: 01-12 - All items","IXOB","Index","M","Monthly","1978-07","Jul-1978","IDX","Index","0","units","2010_100","2010=100",12.73072,,
"OECDE","OECD - Europe","CPALTT01","CPI: 01-12 - All items","IXOB","Index","M","Monthly","1978-08","Aug-1978","IDX","Index","0","units","2010_100","2010=100",12.80477,,
"OECDE","OECD - Europe","CPALTT01","CPI: 01-12 - All items","IXOB","Index","M","Monthly","1978-09","Sep-1978","IDX","Index","0","units","2010_100","2010=100",12.91216,,
"OECDE","OECD - Europe","CPALTT01","CPI: 01-12 - All items","IXOB","Index","M","Monthly","1978-10","Oct-1978","IDX","Index","0","units","2010_100","2010=100",13.02991,,
"OECDE","OECD - Europe","CPALTT01","CPI: 01-12 - All items","IXOB","Index","M","Monthly","1978-11","Nov-1978","IDX","Index","0","units","2010_100","2010=100",13.12324,,
"OECDE","OECD - Europe","CPALTT01","CPI: 01-12 - All items","IXOB","Index","M","Monthly","1978-12","Dec-1978","IDX","Index","0","units","2010_100","2010=100",13.20856,,
"OECDE","OECD - Europe","CPALTT01","CPI: 01-12 - All items","IXOB","Index","M","Monthly","1979-01","Jan-1979","IDX","Index","0","units","2010_100","2010=100",13.37251,,
"OECDE","OECD - Europe","CPALTT01","CPI: 01-12 - All items","IXOB","Index","M","Monthly","1979-02","Feb-1979","IDX","Index","0","units","2010_100","2010=100",13.47978,,
"OECDE","OECD - Europe","CPALTT01","CPI: 01-12 - All items","IXOB","Index","M","Monthly","1979-03","Mar-1979","IDX","Index","0","units","2010_100","2010=100",13.60942,,
"OECDE","OECD - Europe","CPALTT01","CPI: 01-12 - All items","IXOB","Index","M","Monthly","1979-04","Apr-1979","IDX","Index","0","units","2010_100","2010=100",13.7755,,
"OECDE","OECD - Europe","CPALTT01","CPI: 01-12 - All items","IXOB","Index","M","Monthly","1979-05","May-1979","IDX","Index","0","units","2010_100","2010=100",13.90666,,
"OECDE","OECD - Europe","CPALTT01","CPI: 01-12 - All items","IXOB","Index","M","Monthly","1979-06","Jun-1979","IDX","Index","0","units","2010_100","2010=100",14.10703,,
"OECDE","OECD - Europe","CPALTT01","CPI: 01-12 - All items","IXOB","Index","M","Monthly","1979-07","Jul-1979","IDX","Index","0","units","2010_100","2010=100",14.37257,,
"OECDE","OECD - Europe","CPALTT01","CPI: 01-12 - All items","IXOB","Index","M","Monthly","1979-08","Aug-1979","IDX","Index","0","units","2010_100","2010=100",14.5025,,
"OECDE","OECD - Europe","CPALTT01","CPI: 01-12 - All items","IXOB","Index","M","Monthly","1979-09","Sep-1979","IDX","Index","0","units","2010_100","2010=100",14.69135,,
"OECDE","OECD - Europe","CPALTT01","CPI: 01-12 - All items","IXOB","Index","M","Monthly","1979-10","Oct-1979","IDX","Index","0","units","2010_100","2010=100",14.90029,,
"OECDE","OECD - Europe","CPALTT01","CPI: 01-12 - All items","IXOB","Index","M","Monthly","1979-11","Nov-1979","IDX","Index","0","units","2010_100","2010=100",15.06213,,
"OECDE","OECD - Europe","CPALTT01","CPI: 01-12 - All items","IXOB","Index","M","Monthly","1979-12","Dec-1979","IDX","Index","0","units","2010_100","2010=100",15.23548,,
"OECDE","OECD - Europe","CPALTT01","CPI: 01-12 - All items","IXOB","Index","M","Monthly","1980-01","Jan-1980","IDX","Index","0","units","2010_100","2010=100",15.57558,,
"OECDE","OECD - Europe","CPALTT01","CPI: 01-12 - All items","IXOB","Index","M","Monthly","1980-02","Feb-1980","IDX","Index","0","units","2010_100","2010=100",15.86007,,
"OECDE","OECD - Europe","CPALTT01","CPI: 01-12 - All items","IXOB","Index","M","Monthly","1980-03","Mar-1980","IDX","Index","0","units","2010_100","2010=100",16.02736,,
"OECDE","OECD - Europe","CPALTT01","CPI: 01-12 - All items","IXOB","Index","M","Monthly","1980-04","Apr-1980","IDX","Index","0","units","2010_100","2010=100",16.27571,,
"OECDE","OECD - Europe","CPALTT01","CPI: 01-12 - All items","IXOB","Index","M","Monthly","1980-05","May-1980","IDX","Index","0","units","2010_100","2010=100",16.41698,,
"OECDE","OECD - Europe","CPALTT01","CPI: 01-12 - All items","IXOB","Index","M","Monthly","1980-06","Jun-1980","IDX","Index","0","units","2010_100","2010=100",16.57081,,
"OECDE","OECD - Europe","CPALTT01","CPI: 01-12 - All items","IXOB","Index","M","Monthly","1980-07","Jul-1980","IDX","Index","0","units","2010_100","2010=100",16.73602,,
"OECDE","OECD - Europe","CPALTT01","CPI: 01-12 - All items","IXOB","Index","M","Monthly","1980-08","Aug-1980","IDX","Index","0","units","2010_100","2010=100",16.86642,,
"OECDE","OECD - Europe","CPALTT01","CPI: 01-12 - All items","IXOB","Index","M","Monthly","1980-09","Sep-1980","IDX","Index","0","units","2010_100","2010=100",17.04132,,
"OECDE","OECD - Europe","CPALTT01","CPI: 01-12 - All items","IXOB","Index","M","Monthly","1980-10","Oct-1980","IDX","Index","0","units","2010_100","2010=100",17.22883,,
"OECDE","OECD - Europe","CPALTT01","CPI: 01-12 - All items","IXOB","Index","M","Monthly","1980-11","Nov-1980","IDX","Index","0","units","2010_100","2010=100",17.40532,,
"OECDE","OECD - Europe","CPALTT01","CPI: 01-12 - All items","IXOB","Index","M","Monthly","1980-12","Dec-1980","IDX","Index","0","units","2010_100","2010=100",17.56763,,
"OECDE","OECD - Europe","CPALTT01","CPI: 01-12 - All items","IXOB","Index","M","Monthly","1981-01","Jan-1981","IDX","Index","0","units","2010_100","2010=100",17.81906,,
"OECDE","OECD - Europe","CPALTT01","CPI: 01-12 - All items","IXOB","Index","M","Monthly","1981-02","Feb-1981","IDX","Index","0","units","2010_100","2010=100",18.00182,,
"OECDE","OECD - Europe","CPALTT01","CPI: 01-12 - All items","IXOB","Index","M","Monthly","1981-03","Mar-1981","IDX","Index","0","units","2010_100","2010=100",18.20625,,
"OECDE","OECD - Europe","CPALTT01","CPI: 01-12 - All items","IXOB","Index","M","Monthly","1981-04","Apr-1981","IDX","Index","0","units","2010_100","2010=100",18.42689,,
"OECDE","OECD - Europe","CPALTT01","CPI: 01-12 - All items","IXOB","Index","M","Monthly","1981-05","May-1981","IDX","Index","0","units","2010_100","2010=100",18.58627,,
"OECDE","OECD - Europe","CPALTT01","CPI: 01-12 - All items","IXOB","Index","M","Monthly","1981-06","Jun-1981","IDX","Index","0","units","2010_100","2010=100",18.74441,,
"OECDE","OECD - Europe","CPALTT01","CPI: 01-12 - All items","IXOB","Index","M","Monthly","1981-07","Jul-1981","IDX","Index","0","units","2010_100","2010=100",18.92733,,
"OECDE","OECD - Europe","CPALTT01","CPI: 01-12 - All items","IXOB","Index","M","Monthly","1981-08","Aug-1981","IDX","Index","0","units","2010_100","2010=100",19.06646,,
"OECDE","OECD - Europe","CPALTT01","CPI: 01-12 - All items","IXOB","Index","M","Monthly","1981-09","Sep-1981","IDX","Index","0","units","2010_100","2010=100",19.27871,,
"OECDE","OECD - Europe","CPALTT01","CPI: 01-12 - All items","IXOB","Index","M","Monthly","1981-10","Oct-1981","IDX","Index","0","units","2010_100","2010=100",19.49319,,
"OECDE","OECD - Europe","CPALTT01","CPI: 01-12 - All items","IXOB","Index","M","Monthly","1981-11","Nov-1981","IDX","Index","0","units","2010_100","2010=100",19.68515,,
"OECDE","OECD - Europe","CPALTT01","CPI: 01-12 - All items","IXOB","Index","M","Monthly","1981-12","Dec-1981","IDX","Index","0","units","2010_100","2010=100",19.82162,,
"OECDE","OECD - Europe","CPALTT01","CPI: 01-12 - All items","IXOB","Index","M","Monthly","1982-01","Jan-1982","IDX","Index","0","units","2010_100","2010=100",20.08184,,
"OECDE","OECD - Europe","CPALTT01","CPI: 01-12 - All items","IXOB","Index","M","Monthly","1982-02","Feb-1982","IDX","Index","0","units","2010_100","2010=100",20.22285,,
"OECDE","OECD - Europe","CPALTT01","CPI: 01-12 - All items","IXOB","Index","M","Monthly","1982-03","Mar-1982","IDX","Index","0","units","2010_100","2010=100",20.38923,,
"OECDE","OECD - Europe","CPALTT01","CPI: 01-12 - All items","IXOB","Index","M","Monthly","1982-04","Apr-1982","IDX","Index","0","units","2010_100","2010=100",20.6006,,
"OECDE","OECD - Europe","CPALTT01","CPI: 01-12 - All items","IXOB","Index","M","Monthly","1982-05","May-1982","IDX","Index","0","units","2010_100","2010=100",20.77116,,
"OECDE","OECD - Europe","CPALTT01","CPI: 01-12 - All items","IXOB","Index","M","Monthly","1982-06","Jun-1982","IDX","Index","0","units","2010_100","2010=100",20.95486,,
"OECDE","OECD - Europe","CPALTT01","CPI: 01-12 - All items","IXOB","Index","M","Monthly","1982-07","Jul-1982","IDX","Index","0","units","2010_100","2010=100",21.06462,,
"OECDE","OECD - Europe","CPALTT01","CPI: 01-12 - All items","IXOB","Index","M","Monthly","1982-08","Aug-1982","IDX","Index","0","units","2010_100","2010=100",21.16411,,
"OECDE","OECD - Europe","CPALTT01","CPI: 01-12 - All items","IXOB","Index","M","Monthly","1982-09","Sep-1982","IDX","Index","0","units","2010_100","2010=100",21.31331,,
"OECDE","OECD - Europe","CPALTT01","CPI: 01-12 - All items","IXOB","Index","M","Monthly","1982-10","Oct-1982","IDX","Index","0","units","2010_100","2010=100",21.50882,,
"OECDE","OECD - Europe","CPALTT01","CPI: 01-12 - All items","IXOB","Index","M","Monthly","1982-11","Nov-1982","IDX","Index","0","units","2010_100","2010=100",21.66595,,
"OECDE","OECD - Europe","CPALTT01","CPI: 01-12 - All items","IXOB","Index","M","Monthly","1982-12","Dec-1982","IDX","Index","0","units","2010_100","2010=100",21.82645,,
"OECDE","OECD - Europe","CPALTT01","CPI: 01-12 - All items","IXOB","Index","M","Monthly","1983-01","Jan-1983","IDX","Index","0","units","2010_100","2010=100",22.05238,,
"OECDE","OECD - Europe","CPALTT01","CPI: 01-12 - All items","IXOB","Index","M","Monthly","1983-02","Feb-1983","IDX","Index","0","units","2010_100","2010=100",22.19492,,
"OECDE","OECD - Europe","CPALTT01","CPI: 01-12 - All items","IXOB","Index","M","Monthly","1983-03","Mar-1983","IDX","Index","0","units","2010_100","2010=100",22.33886,,
"OECDE","OECD - Europe","CPALTT01","CPI: 01-12 - All items","IXOB","Index","M","Monthly","1983-04","Apr-1983","IDX","Index","0","units","2010_100","2010=100",22.54713,,
"OECDE","OECD - Europe","CPALTT01","CPI: 01-12 - All items","IXOB","Index","M","Monthly","1983-05","May-1983","IDX","Index","0","units","2010_100","2010=100",22.66039,,
"OECDE","OECD - Europe","CPALTT01","CPI: 01-12 - All items","IXOB","Index","M","Monthly","1983-06","Jun-1983","IDX","Index","0","units","2010_100","2010=100",22.7802,,
"OECDE","OECD - Europe","CPALTT01","CPI: 01-12 - All items","IXOB","Index","M","Monthly","1983-07","Jul-1983","IDX","Index","0","units","2010_100","2010=100",22.91871,,
"OECDE","OECD - Europe","CPALTT01","CPI: 01-12 - All items","IXOB","Index","M","Monthly","1983-08","Aug-1983","IDX","Index","0","units","2010_100","2010=100",23.06965,,
"OECDE","OECD - Europe","CPALTT01","CPI: 01-12 - All items","IXOB","Index","M","Monthly","1983-09","Sep-1983","IDX","Index","0","units","2010_100","2010=100",23.27411,,
"OECDE","OECD - Europe","CPALTT01","CPI: 01-12 - All items","IXOB","Index","M","Monthly","1983-10","Oct-1983","IDX","Index","0","units","2010_100","2010=100",23.49809,,
"OECDE","OECD - Europe","CPALTT01","CPI: 01-12 - All items","IXOB","Index","M","Monthly","1983-11","Nov-1983","IDX","Index","0","units","2010_100","2010=100",23.68158,,
"OECDE","OECD - Europe","CPALTT01","CPI: 01-12 - All items","IXOB","Index","M","Monthly","1983-12","Dec-1983","IDX","Index","0","units","2010_100","2010=100",23.85278,,
"OECDE","OECD - Europe","CPALTT01","CPI: 01-12 - All items","IXOB","Index","M","Monthly","1984-01","Jan-1984","IDX","Index","0","units","2010_100","2010=100",24.06247,,
"OECDE","OECD - Europe","CPALTT01","CPI: 01-12 - All items","IXOB","Index","M","Monthly","1984-02","Feb-1984","IDX","Index","0","units","2010_100","2010=100",24.21291,,
"OECDE","OECD - Europe","CPALTT01","CPI: 01-12 - All items","IXOB","Index","M","Monthly","1984-03","Mar-1984","IDX","Index","0","units","2010_100","2010=100",24.39015,,
"OECDE","OECD - Europe","CPALTT01","CPI: 01-12 - All items","IXOB","Index","M","Monthly","1984-04","Apr-1984","IDX","Index","0","units","2010_100","2010=100",24.61794,,
"OECDE","OECD - Europe","CPALTT01","CPI: 01-12 - All items","IXOB","Index","M","Monthly","1984-05","May-1984","IDX","Index","0","units","2010_100","2010=100",24.76964,,
"OECDE","OECD - Europe","CPALTT01","CPI: 01-12 - All items","IXOB","Index","M","Monthly","1984-06","Jun-1984","IDX","Index","0","units","2010_100","2010=100",24.97867,,
"OECDE","OECD - Europe","CPALTT01","CPI: 01-12 - All items","IXOB","Index","M","Monthly","1984-07","Jul-1984","IDX","Index","0","units","2010_100","2010=100",25.05905,,
"OECDE","OECD - Europe","CPALTT01","CPI: 01-12 - All items","IXOB","Index","M","Monthly","1984-08","Aug-1984","IDX","Index","0","units","2010_100","2010=100",25.1908,,
"OECDE","OECD - Europe","CPALTT01","CPI: 01-12 - All items","IXOB","Index","M","Monthly","1984-09","Sep-1984","IDX","Index","0","units","2010_100","2010=100",25.31743,,
"OECDE","OECD - Europe","CPALTT01","CPI: 01-12 - All items","IXOB","Index","M","Monthly","1984-10","Oct-1984","IDX","Index","0","units","2010_100","2010=100",25.55387,,
"OECDE","OECD - Europe","CPALTT01","CPI: 01-12 - All items","IXOB","Index","M","Monthly","1984-11","Nov-1984","IDX","Index","0","units","2010_100","2010=100",25.7167,,
"OECDE","OECD - Europe","CPALTT01","CPI: 01-12 - All items","IXOB","Index","M","Monthly","1984-12","Dec-1984","IDX","Index","0","units","2010_100","2010=100",25.82294,,
"OECDE","OECD - Europe","CPALTT01","CPI: 01-12 - All items","IXOB","Index","M","Monthly","1985-01","Jan-1985","IDX","Index","0","units","2010_100","2010=100",26.10347,,
"OECDE","OECD - Europe","CPALTT01","CPI: 01-12 - All items","IXOB","Index","M","Monthly","1985-02","Feb-1985","IDX","Index","0","units","2010_100","2010=100",26.32724,,
"OECDE","OECD - Europe","CPALTT01","CPI: 01-12 - All items","IXOB","Index","M","Monthly","1985-03","Mar-1985","IDX","Index","0","units","2010_100","2010=100",26.58196,,
"OECDE","OECD - Europe","CPALTT01","CPI: 01-12 - All items","IXOB","Index","M","Monthly","1985-04","Apr-1985","IDX","Index","0","units","2010_100","2010=100",26.78578,,
"OECDE","OECD - Europe","CPALTT01","CPI: 01-12 - All items","IXOB","Index","M","Monthly","1985-05","May-1985","IDX","Index","0","units","2010_100","2010=100",26.91118,,
"OECDE","OECD - Europe","CPALTT01","CPI: 01-12 - All items","IXOB","Index","M","Monthly","1985-06","Jun-1985","IDX","Index","0","units","2010_100","2010=100",26.95773,,
"OECDE","OECD - Europe","CPALTT01","CPI: 01-12 - All items","IXOB","Index","M","Monthly","1985-07","Jul-1985","IDX","Index","0","units","2010_100","2010=100",27.0037,,
"OECDE","OECD - Europe","CPALTT01","CPI: 01-12 - All items","IXOB","Index","M","Monthly","1985-08","Aug-1985","IDX","Index","0","units","2010_100","2010=100",27.05886,,
"OECDE","OECD - Europe","CPALTT01","CPI: 01-12 - All items","IXOB","Index","M","Monthly","1985-09","Sep-1985","IDX","Index","0","units","2010_100","2010=100",27.23947,,
"OECDE","OECD - Europe","CPALTT01","CPI: 01-12 - All items","IXOB","Index","M","Monthly","1985-10","Oct-1985","IDX","Index","0","units","2010_100","2010=100",27.46486,,
"OECDE","OECD - Europe","CPALTT01","CPI: 01-12 - All items","IXOB","Index","M","Monthly","1985-11","Nov-1985","IDX","Index","0","units","2010_100","2010=100",27.6659,,
"OECDE","OECD - Europe","CPALTT01","CPI: 01-12 - All items","IXOB","Index","M","Monthly","1985-12","Dec-1985","IDX","Index","0","units","2010_100","2010=100",27.77985,,
"OECDE","OECD - Europe","CPALTT01","CPI: 01-12 - All items","IXOB","Index","M","Monthly","1986-01","Jan-1986","IDX","Index","0","units","2010_100","2010=100",27.97886,,
"OECDE","OECD - Europe","CPALTT01","CPI: 01-12 - All items","IXOB","Index","M","Monthly","1986-02","Feb-1986","IDX","Index","0","units","2010_100","2010=100",28.0382,,
"OECDE","OECD - Europe","CPALTT01","CPI: 01-12 - All items","IXOB","Index","M","Monthly","1986-03","Mar-1986","IDX","Index","0","units","2010_100","2010=100",28.1039,,
"OECDE","OECD - Europe","CPALTT01","CPI: 01-12 - All items","IXOB","Index","M","Monthly","1986-04","Apr-1986","IDX","Index","0","units","2010_100","2010=100",28.21668,,
"OECDE","OECD - Europe","CPALTT01","CPI: 01-12 - All items","IXOB","Index","M","Monthly","1986-05","May-1986","IDX","Index","0","units","2010_100","2010=100",28.28622,,
"OECDE","OECD - Europe","CPALTT01","CPI: 01-12 - All items","IXOB","Index","M","Monthly","1986-06","Jun-1986","IDX","Index","0","units","2010_100","2010=100",28.38502,,
"OECDE","OECD - Europe","CPALTT01","CPI: 01-12 - All items","IXOB","Index","M","Monthly","1986-07","Jul-1986","IDX","Index","0","units","2010_100","2010=100",28.39387,,
"OECDE","OECD - Europe","CPALTT01","CPI: 01-12 - All items","IXOB","Index","M","Monthly","1986-08","Aug-1986","IDX","Index","0","units","2010_100","2010=100",28.43493,,
"OECDE","OECD - Europe","CPALTT01","CPI: 01-12 - All items","IXOB","Index","M","Monthly","1986-09","Sep-1986","IDX","Index","0","units","2010_100","2010=100",28.59864,,
"OECDE","OECD - Europe","CPALTT01","CPI: 01-12 - All items","IXOB","Index","M","Monthly","1986-10","Oct-1986","IDX","Index","0","units","2010_100","2010=100",28.77782,,
"OECDE","OECD - Europe","CPALTT01","CPI: 01-12 - All items","IXOB","Index","M","Monthly","1986-11","Nov-1986","IDX","Index","0","units","2010_100","2010=100",28.87766,,
"OECDE","OECD - Europe","CPALTT01","CPI: 01-12 - All items","IXOB","Index","M","Monthly","1986-12","Dec-1986","IDX","Index","0","units","2010_100","2010=100",28.9777,,
"OECDE","OECD - Europe","CPALTT01","CPI: 01-12 - All items","IXOB","Index","M","Monthly","1987-01","Jan-1987","IDX","Index","0","units","2010_100","2010=100",29.1818,,
"OECDE","OECD - Europe","CPALTT01","CPI: 01-12 - All items","IXOB","Index","M","Monthly","1987-02","Feb-1987","IDX","Index","0","units","2010_100","2010=100",29.30849,,
"OECDE","OECD - Europe","CPALTT01","CPI: 01-12 - All items","IXOB","Index","M","Monthly","1987-03","Mar-1987","IDX","Index","0","units","2010_100","2010=100",29.44819,,
"OECDE","OECD - Europe","CPALTT01","CPI: 01-12 - All items","IXOB","Index","M","Monthly","1987-04","Apr-1987","IDX","Index","0","units","2010_100","2010=100",29.62271,,
"OECDE","OECD - Europe","CPALTT01","CPI: 01-12 - All items","IXOB","Index","M","Monthly","1987-05","May-1987","IDX","Index","0","units","2010_100","2010=100",29.74471,,
"OECDE","OECD - Europe","CPALTT01","CPI: 01-12 - All items","IXOB","Index","M","Monthly","1987-06","Jun-1987","IDX","Index","0","units","2010_100","2010=100",29.7982,,
"OECDE","OECD - Europe","CPALTT01","CPI: 01-12 - All items","IXOB","Index","M","Monthly","1987-07","Jul-1987","IDX","Index","0","units","2010_100","2010=100",29.87405,,
"OECDE","OECD - Europe","CPALTT01","CPI: 01-12 - All items","IXOB","Index","M","Monthly","1987-08","Aug-1987","IDX","Index","0","units","2010_100","2010=100",29.95607,,
"OECDE","OECD - Europe","CPALTT01","CPI: 01-12 - All items","IXOB","Index","M","Monthly","1987-09","Sep-1987","IDX","Index","0","units","2010_100","2010=100",30.09193,,
"OECDE","OECD - Europe","CPALTT01","CPI: 01-12 - All items","IXOB","Index","M","Monthly","1987-10","Oct-1987","IDX","Index","0","units","2010_100","2010=100",30.30751,,
"OECDE","OECD - Europe","CPALTT01","CPI: 01-12 - All items","IXOB","Index","M","Monthly","1987-11","Nov-1987","IDX","Index","0","units","2010_100","2010=100",30.48018,,
"OECDE","OECD - Europe","CPALTT01","CPI: 01-12 - All items","IXOB","Index","M","Monthly","1987-12","Dec-1987","IDX","Index","0","units","2010_100","2010=100",30.75953,,
"OECDE","OECD - Europe","CPALTT01","CPI: 01-12 - All items","IXOB","Index","M","Monthly","1988-01","Jan-1988","IDX","Index","0","units","2010_100","2010=100",30.95017,,
"OECDE","OECD - Europe","CPALTT01","CPI: 01-12 - All items","IXOB","Index","M","Monthly","1988-02","Feb-1988","IDX","Index","0","units","2010_100","2010=100",31.1024,,
"OECDE","OECD - Europe","CPALTT01","CPI: 01-12 - All items","IXOB","Index","M","Monthly","1988-03","Mar-1988","IDX","Index","0","units","2010_100","2010=100",31.30661,,
"OECDE","OECD - Europe","CPALTT01","CPI: 01-12 - All items","IXOB","Index","M","Monthly","1988-04","Apr-1988","IDX","Index","0","units","2010_100","2010=100",31.55331,,
"OECDE","OECD - Europe","CPALTT01","CPI: 01-12 - All items","IXOB","Index","M","Monthly","1988-05","May-1988","IDX","Index","0","units","2010_100","2010=100",31.69654,,
"OECDE","OECD - Europe","CPALTT01","CPI: 01-12 - All items","IXOB","Index","M","Monthly","1988-06","Jun-1988","IDX","Index","0","units","2010_100","2010=100",31.80028,,
"OECDE","OECD - Europe","CPALTT01","CPI: 01-12 - All items","IXOB","Index","M","Monthly","1988-07","Jul-1988","IDX","Index","0","units","2010_100","2010=100",31.90218,,
"OECDE","OECD - Europe","CPALTT01","CPI: 01-12 - All items","IXOB","Index","M","Monthly","1988-08","Aug-1988","IDX","Index","0","units","2010_100","2010=100",32.03801,,
"OECDE","OECD - Europe","CPALTT01","CPI: 01-12 - All items","IXOB","Index","M","Monthly","1988-09","Sep-1988","IDX","Index","0","units","2010_100","2010=100",32.28699,,
"OECDE","OECD - Europe","CPALTT01","CPI: 01-12 - All items","IXOB","Index","M","Monthly","1988-10","Oct-1988","IDX","Index","0","units","2010_100","2010=100",32.51597,,
"OECDE","OECD - Europe","CPALTT01","CPI: 01-12 - All items","IXOB","Index","M","Monthly","1988-11","Nov-1988","IDX","Index","0","units","2010_100","2010=100",32.74453,,
"OECDE","OECD - Europe","CPALTT01","CPI: 01-12 - All items","IXOB","Index","M","Monthly","1988-12","Dec-1988","IDX","Index","0","units","2010_100","2010=100",32.89824,,
"OECDE","OECD - Europe","CPALTT01","CPI: 01-12 - All items","IXOB","Index","M","Monthly","1989-01","Jan-1989","IDX","Index","0","units","2010_100","2010=100",33.19441,,
"OECDE","OECD - Europe","CPALTT01","CPI: 01-12 - All items","IXOB","Index","M","Monthly","1989-02","Feb-1989","IDX","Index","0","units","2010_100","2010=100",33.40301,,
"OECDE","OECD - Europe","CPALTT01","CPI: 01-12 - All items","IXOB","Index","M","Monthly","1989-03","Mar-1989","IDX","Index","0","units","2010_100","2010=100",33.59302,,
"OECDE","OECD - Europe","CPALTT01","CPI: 01-12 - All items","IXOB","Index","M","Monthly","1989-04","Apr-1989","IDX","Index","0","units","2010_100","2010=100",33.94145,,
"OECDE","OECD - Europe","CPALTT01","CPI: 01-12 - All items","IXOB","Index","M","Monthly","1989-05","May-1989","IDX","Index","0","units","2010_100","2010=100",34.096,,
"OECDE","OECD - Europe","CPALTT01","CPI: 01-12 - All items","IXOB","Index","M","Monthly","1989-06","Jun-1989","IDX","Index","0","units","2010_100","2010=100",34.2368,,
"OECDE","OECD - Europe","CPALTT01","CPI: 01-12 - All items","IXOB","Index","M","Monthly","1989-07","Jul-1989","IDX","Index","0","units","2010_100","2010=100",34.36828,,
"OECDE","OECD - Europe","CPALTT01","CPI: 01-12 - All items","IXOB","Index","M","Monthly","1989-08","Aug-1989","IDX","Index","0","units","2010_100","2010=100",34.50711,,
"OECDE","OECD - Europe","CPALTT01","CPI: 01-12 - All items","IXOB","Index","M","Monthly","1989-09","Sep-1989","IDX","Index","0","units","2010_100","2010=100",34.79476,,
"OECDE","OECD - Europe","CPALTT01","CPI: 01-12 - All items","IXOB","Index","M","Monthly","1989-10","Oct-1989","IDX","Index","0","units","2010_100","2010=100",35.11082,,
"OECDE","OECD - Europe","CPALTT01","CPI: 01-12 - All items","IXOB","Index","M","Monthly","1989-11","Nov-1989","IDX","Index","0","units","2010_100","2010=100",35.31572,,
"OECDE","OECD - Europe","CPALTT01","CPI: 01-12 - All items","IXOB","Index","M","Monthly","1989-12","Dec-1989","IDX","Index","0","units","2010_100","2010=100",35.48585,,
"OECDE","OECD - Europe","CPALTT01","CPI: 01-12 - All items","IXOB","Index","M","Monthly","1990-01","Jan-1990","IDX","Index","0","units","2010_100","2010=100",35.76744,,
"OECDE","OECD - Europe","CPALTT01","CPI: 01-12 - All items","IXOB","Index","M","Monthly","1990-02","Feb-1990","IDX","Index","0","units","2010_100","2010=100",36.01863,,
"OECDE","OECD - Europe","CPALTT01","CPI: 01-12 - All items","IXOB","Index","M","Monthly","1990-03","Mar-1990","IDX","Index","0","units","2010_100","2010=100",36.25619,,
"OECDE","OECD - Europe","CPALTT01","CPI: 01-12 - All items","IXOB","Index","M","Monthly","1990-04","Apr-1990","IDX","Index","0","units","2010_100","2010=100",36.59455,,
"OECDE","OECD - Europe","CPALTT01","CPI: 01-12 - All items","IXOB","Index","M","Monthly","1990-05","May-1990","IDX","Index","0","units","2010_100","2010=100",36.80076,,
"OECDE","OECD - Europe","CPALTT01","CPI: 01-12 - All items","IXOB","Index","M","Monthly","1990-06","Jun-1990","IDX","Index","0","units","2010_100","2010=100",36.92508,,
"OECDE","OECD - Europe","CPALTT01","CPI: 01-12 - All items","IXOB","Index","M","Monthly","1990-07","Jul-1990","IDX","Index","0","units","2010_100","2010=100",36.97208,,
"OECDE","OECD - Europe","CPALTT01","CPI: 01-12 - All items","IXOB","Index","M","Monthly","1990-08","Aug-1990","IDX","Index","0","units","2010_100","2010=100",37.24892,,
"OECDE","OECD - Europe","CPALTT01","CPI: 01-12 - All items","IXOB","Index","M","Monthly","1990-09","Sep-1990","IDX","Index","0","units","2010_100","2010=100",37.69639,,
"OECDE","OECD - Europe","CPALTT01","CPI: 01-12 - All items","IXOB","Index","M","Monthly","1990-10","Oct-1990","IDX","Index","0","units","2010_100","2010=100",38.11747,,
"OECDE","OECD - Europe","CPALTT01","CPI: 01-12 - All items","IXOB","Index","M","Monthly","1990-11","Nov-1990","IDX","Index","0","units","2010_100","2010=100",38.28034,,
"OECDE","OECD - Europe","CPALTT01","CPI: 01-12 - All items","IXOB","Index","M","Monthly","1990-12","Dec-1990","IDX","Index","0","units","2010_100","2010=100",38.35402,,
"OECDE","OECD - Europe","CPALTT01","CPI: 01-12 - All items","IXOB","Index","M","Monthly","1991-01","Jan-1991","IDX","Index","0","units","2010_100","2010=100",38.66971,,
"OECDE","OECD - Europe","CPALTT01","CPI: 01-12 - All items","IXOB","Index","M","Monthly","1991-02","Feb-1991","IDX","Index","0","units","2010_100","2010=100",38.96437,,
"OECDE","OECD - Europe","CPALTT01","CPI: 01-12 - All items","IXOB","Index","M","Monthly","1991-03","Mar-1991","IDX","Index","0","units","2010_100","2010=100",39.16679,,
"OECDE","OECD - Europe","CPALTT01","CPI: 01-12 - All items","IXOB","Index","M","Monthly","1991-04","Apr-1991","IDX","Index","0","units","2010_100","2010=100",39.64251,,
"OECDE","OECD - Europe","CPALTT01","CPI: 01-12 - All items","IXOB","Index","M","Monthly","1991-05","May-1991","IDX","Index","0","units","2010_100","2010=100",39.87548,,
"OECDE","OECD - Europe","CPALTT01","CPI: 01-12 - All items","IXOB","Index","M","Monthly","1991-06","Jun-1991","IDX","Index","0","units","2010_100","2010=100",40.12166,,
"OECDE","OECD - Europe","CPALTT01","CPI: 01-12 - All items","IXOB","Index","M","Monthly","1991-07","Jul-1991","IDX","Index","0","units","2010_100","2010=100",40.34865,,
"OECDE","OECD - Europe","CPALTT01","CPI: 01-12 - All items","IXOB","Index","M","Monthly","1991-08","Aug-1991","IDX","Index","0","units","2010_100","2010=100",40.53038,,
"OECDE","OECD - Europe","CPALTT01","CPI: 01-12 - All items","IXOB","Index","M","Monthly","1991-09","Sep-1991","IDX","Index","0","units","2010_100","2010=100",40.84995,,
"OECDE","OECD - Europe","CPALTT01","CPI: 01-12 - All items","IXOB","Index","M","Monthly","1991-10","Oct-1991","IDX","Index","0","units","2010_100","2010=100",41.3241,,
"OECDE","OECD - Europe","CPALTT01","CPI: 01-12 - All items","IXOB","Index","M","Monthly","1991-11","Nov-1991","IDX","Index","0","units","2010_100","2010=100",41.65479,,
"OECDE","OECD - Europe","CPALTT01","CPI: 01-12 - All items","IXOB","Index","M","Monthly","1991-12","Dec-1991","IDX","Index","0","units","2010_100","2010=100",41.8218,,
"OECDE","OECD - Europe","CPALTT01","CPI: 01-12 - All items","IXOB","Index","M","Monthly","1992-01","Jan-1992","IDX","Index","0","units","2010_100","2010=100",42.20367,,
"OECDE","OECD - Europe","CPALTT01","CPI: 01-12 - All items","IXOB","Index","M","Monthly","1992-02","Feb-1992","IDX","Index","0","units","2010_100","2010=100",42.53425,,
"OECDE","OECD - Europe","CPALTT01","CPI: 01-12 - All items","IXOB","Index","M","Monthly","1992-03","Mar-1992","IDX","Index","0","units","2010_100","2010=100",42.84161,,
"OECDE","OECD - Europe","CPALTT01","CPI: 01-12 - All items","IXOB","Index","M","Monthly","1992-04","Apr-1992","IDX","Index","0","units","2010_100","2010=100",43.11553,,
"OECDE","OECD - Europe","CPALTT01","CPI: 01-12 - All items","IXOB","Index","M","Monthly","1992-05","May-1992","IDX","Index","0","units","2010_100","2010=100",43.26784,,
"OECDE","OECD - Europe","CPALTT01","CPI: 01-12 - All items","IXOB","Index","M","Monthly","1992-06","Jun-1992","IDX","Index","0","units","2010_100","2010=100",43.35039,,
"OECDE","OECD - Europe","CPALTT01","CPI: 01-12 - All items","IXOB","Index","M","Monthly","1992-07","Jul-1992","IDX","Index","0","units","2010_100","2010=100",43.40791,,
"OECDE","OECD - Europe","CPALTT01","CPI: 01-12 - All items","IXOB","Index","M","Monthly","1992-08","Aug-1992","IDX","Index","0","units","2010_100","2010=100",43.58174,,
"OECDE","OECD - Europe","CPALTT01","CPI: 01-12 - All items","IXOB","Index","M","Monthly","1992-09","Sep-1992","IDX","Index","0","units","2010_100","2010=100",43.95015,,
"OECDE","OECD - Europe","CPALTT01","CPI: 01-12 - All items","IXOB","Index","M","Monthly","1992-10","Oct-1992","IDX","Index","0","units","2010_100","2010=100",44.27961,,
"OECDE","OECD - Europe","CPALTT01","CPI: 01-12 - All items","IXOB","Index","M","Monthly","1992-11","Nov-1992","IDX","Index","0","units","2010_100","2010=100",44.57139,,
"OECDE","OECD - Europe","CPALTT01","CPI: 01-12 - All items","IXOB","Index","M","Monthly","1992-12","Dec-1992","IDX","Index","0","units","2010_100","2010=100",44.71873,,
"OECDE","OECD - Europe","CPALTT01","CPI: 01-12 - All items","IXOB","Index","M","Monthly","1993-01","Jan-1993","IDX","Index","0","units","2010_100","2010=100",45.14871,,
"OECDE","OECD - Europe","CPALTT01","CPI: 01-12 - All items","IXOB","Index","M","Monthly","1993-02","Feb-1993","IDX","Index","0","units","2010_100","2010=100",45.45638,,
"OECDE","OECD - Europe","CPALTT01","CPI: 01-12 - All items","IXOB","Index","M","Monthly","1993-03","Mar-1993","IDX","Index","0","units","2010_100","2010=100",45.78037,,
"OECDE","OECD - Europe","CPALTT01","CPI: 01-12 - All items","IXOB","Index","M","Monthly","1993-04","Apr-1993","IDX","Index","0","units","2010_100","2010=100",46.08637,,
"OECDE","OECD - Europe","CPALTT01","CPI: 01-12 - All items","IXOB","Index","M","Monthly","1993-05","May-1993","IDX","Index","0","units","2010_100","2010=100",46.30947,,
"OECDE","OECD - Europe","CPALTT01","CPI: 01-12 - All items","IXOB","Index","M","Monthly","1993-06","Jun-1993","IDX","Index","0","units","2010_100","2010=100",46.44742,,
"OECDE","OECD - Europe","CPALTT01","CPI: 01-12 - All items","IXOB","Index","M","Monthly","1993-07","Jul-1993","IDX","Index","0","units","2010_100","2010=100",46.6835,,
"OECDE","OECD - Europe","CPALTT01","CPI: 01-12 - All items","IXOB","Index","M","Monthly","1993-08","Aug-1993","IDX","Index","0","units","2010_100","2010=100",46.85281,,
"OECDE","OECD - Europe","CPALTT01","CPI: 01-12 - All items","IXOB","Index","M","Monthly","1993-09","Sep-1993","IDX","Index","0","units","2010_100","2010=100",47.15403,,
"OECDE","OECD - Europe","CPALTT01","CPI: 01-12 - All items","IXOB","Index","M","Monthly","1993-10","Oct-1993","IDX","Index","0","units","2010_100","2010=100",47.47135,,
"OECDE","OECD - Europe","CPALTT01","CPI: 01-12 - All items","IXOB","Index","M","Monthly","1993-11","Nov-1993","IDX","Index","0","units","2010_100","2010=100",47.75732,,
"OECDE","OECD - Europe","CPALTT01","CPI: 01-12 - All items","IXOB","Index","M","Monthly","1993-12","Dec-1993","IDX","Index","0","units","2010_100","2010=100",47.97649,,
"OECDE","OECD - Europe","CPALTT01","CPI: 01-12 - All items","IXOB","Index","M","Monthly","1994-01","Jan-1994","IDX","Index","0","units","2010_100","2010=100",48.23766,,
"OECDE","OECD - Europe","CPALTT01","CPI: 01-12 - All items","IXOB","Index","M","Monthly","1994-02","Feb-1994","IDX","Index","0","units","2010_100","2010=100",48.63749,,
"OECDE","OECD - Europe","CPALTT01","CPI: 01-12 - All items","IXOB","Index","M","Monthly","1994-03","Mar-1994","IDX","Index","0","units","2010_100","2010=100",48.9403,,
"OECDE","OECD - Europe","CPALTT01","CPI: 01-12 - All items","IXOB","Index","M","Monthly","1994-04","Apr-1994","IDX","Index","0","units","2010_100","2010=100",49.86082,,
"OECDE","OECD - Europe","CPALTT01","CPI: 01-12 - All items","IXOB","Index","M","Monthly","1994-05","May-1994","IDX","Index","0","units","2010_100","2010=100",50.31409,,
"OECDE","OECD - Europe","CPALTT01","CPI: 01-12 - All items","IXOB","Index","M","Monthly","1994-06","Jun-1994","IDX","Index","0","units","2010_100","2010=100",50.44482,,
"OECDE","OECD - Europe","CPALTT01","CPI: 01-12 - All items","IXOB","Index","M","Monthly","1994-07","Jul-1994","IDX","Index","0","units","2010_100","2010=100",50.62366,,
"OECDE","OECD - Europe","CPALTT01","CPI: 01-12 - All items","IXOB","Index","M","Monthly","1994-08","Aug-1994","IDX","Index","0","units","2010_100","2010=100",50.88997,,
"OECDE","OECD - Europe","CPALTT01","CPI: 01-12 - All items","IXOB","Index","M","Monthly","1994-09","Sep-1994","IDX","Index","0","units","2010_100","2010=100",51.26252,,
"OECDE","OECD - Europe","CPALTT01","CPI: 01-12 - All items","IXOB","Index","M","Monthly","1994-10","Oct-1994","IDX","Index","0","units","2010_100","2010=100",51.66341,,
"OECDE","OECD - Europe","CPALTT01","CPI: 01-12 - All items","IXOB","Index","M","Monthly","1994-11","Nov-1994","IDX","Index","0","units","2010_100","2010=100",52.06175,,
"OECDE","OECD - Europe","CPALTT01","CPI: 01-12 - All items","IXOB","Index","M","Monthly","1994-12","Dec-1994","IDX","Index","0","units","2010_100","2010=100",52.5663,,
"OECDE","OECD - Europe","CPALTT01","CPI: 01-12 - All items","IXOB","Index","M","Monthly","1995-01","Jan-1995","IDX","Index","0","units","2010_100","2010=100",52.94288,,
"OECDE","OECD - Europe","CPALTT01","CPI: 01-12 - All items","IXOB","Index","M","Monthly","1995-02","Feb-1995","IDX","Index","0","units","2010_100","2010=100",53.36766,,
"OECDE","OECD - Europe","CPALTT01","CPI: 01-12 - All items","IXOB","Index","M","Monthly","1995-03","Mar-1995","IDX","Index","0","units","2010_100","2010=100",53.74921,,
"OECDE","OECD - Europe","CPALTT01","CPI: 01-12 - All items","IXOB","Index","M","Monthly","1995-04","Apr-1995","IDX","Index","0","units","2010_100","2010=100",54.1426,,
"OECDE","OECD - Europe","CPALTT01","CPI: 01-12 - All items","IXOB","Index","M","Monthly","1995-05","May-1995","IDX","Index","0","units","2010_100","2010=100",54.40392,,
"OECDE","OECD - Europe","CPALTT01","CPI: 01-12 - All items","IXOB","Index","M","Monthly","1995-06","Jun-1995","IDX","Index","0","units","2010_100","2010=100",54.61363,,
"OECDE","OECD - Europe","CPALTT01","CPI: 01-12 - All items","IXOB","Index","M","Monthly","1995-07","Jul-1995","IDX","Index","0","units","2010_100","2010=100",54.69025,,
"OECDE","OECD - Europe","CPALTT01","CPI: 01-12 - All items","IXOB","Index","M","Monthly","1995-08","Aug-1995","IDX","Index","0","units","2010_100","2010=100",54.9811,,
"OECDE","OECD - Europe","CPALTT01","CPI: 01-12 - All items","IXOB","Index","M","Monthly","1995-09","Sep-1995","IDX","Index","0","units","2010_100","2010=100",55.4864,,
"OECDE","OECD - Europe","CPALTT01","CPI: 01-12 - All items","IXOB","Index","M","Monthly","1995-10","Oct-1995","IDX","Index","0","units","2010_100","2010=100",55.79833,,
"OECDE","OECD - Europe","CPALTT01","CPI: 01-12 - All items","IXOB","Index","M","Monthly","1995-11","Nov-1995","IDX","Index","0","units","2010_100","2010=100",56.11024,,
"OECDE","OECD - Europe","CPALTT01","CPI: 01-12 - All items","IXOB","Index","M","Monthly","1995-12","Dec-1995","IDX","Index","0","units","2010_100","2010=100",56.4407,,
"OECDE","OECD - Europe","CPALTT01","CPI: 01-12 - All items","IXOB","Index","M","Monthly","1996-01","Jan-1996","IDX","Index","0","units","2010_100","2010=100",56.9,,
"OECDE","OECD - Europe","CPALTT01","CPI: 01-12 - All items","IXOB","Index","M","Monthly","1996-02","Feb-1996","IDX","Index","0","units","2010_100","2010=100",57.29425,,
"OECDE","OECD - Europe","CPALTT01","CPI: 01-12 - All items","IXOB","Index","M","Monthly","1996-03","Mar-1996","IDX","Index","0","units","2010_100","2010=100",57.72118,,
"OECDE","OECD - Europe","CPALTT01","CPI: 01-12 - All items","IXOB","Index","M","Monthly","1996-04","Apr-1996","IDX","Index","0","units","2010_100","2010=100",58.15813,,
"OECDE","OECD - Europe","CPALTT01","CPI: 01-12 - All items","IXOB","Index","M","Monthly","1996-05","May-1996","IDX","Index","0","units","2010_100","2010=100",58.47562,,
"OECDE","OECD - Europe","CPALTT01","CPI: 01-12 - All items","IXOB","Index","M","Monthly","1996-06","Jun-1996","IDX","Index","0","units","2010_100","2010=100",58.63451,,
"OECDE","OECD - Europe","CPALTT01","CPI: 01-12 - All items","IXOB","Index","M","Monthly","1996-07","Jul-1996","IDX","Index","0","units","2010_100","2010=100",58.67553,,
"OECDE","OECD - Europe","CPALTT01","CPI: 01-12 - All items","IXOB","Index","M","Monthly","1996-08","Aug-1996","IDX","Index","0","units","2010_100","2010=100",58.95601,,
"OECDE","OECD - Europe","CPALTT01","CPI: 01-12 - All items","IXOB","Index","M","Monthly","1996-09","Sep-1996","IDX","Index","0","units","2010_100","2010=100",59.37566,,
"OECDE","OECD - Europe","CPALTT01","CPI: 01-12 - All items","IXOB","Index","M","Monthly","1996-10","Oct-1996","IDX","Index","0","units","2010_100","2010=100",59.76537,,
"OECDE","OECD - Europe","CPALTT01","CPI: 01-12 - All items","IXOB","Index","M","Monthly","1996-11","Nov-1996","IDX","Index","0","units","2010_100","2010=100",60.06542,,
"OECDE","OECD - Europe","CPALTT01","CPI: 01-12 - All items","IXOB","Index","M","Monthly","1996-12","Dec-1996","IDX","Index","0","units","2010_100","2010=100",60.40068,,
"OECDE","OECD - Europe","CPALTT01","CPI: 01-12 - All items","IXOB","Index","M","Monthly","1997-01","Jan-1997","IDX","Index","0","units","2010_100","2010=100",60.8313,,
"OECDE","OECD - Europe","CPALTT01","CPI: 01-12 - All items","IXOB","Index","M","Monthly","1997-02","Feb-1997","IDX","Index","0","units","2010_100","2010=100",61.13599,,
"OECDE","OECD - Europe","CPALTT01","CPI: 01-12 - All items","IXOB","Index","M","Monthly","1997-03","Mar-1997","IDX","Index","0","units","2010_100","2010=100",61.46267,,
"OECDE","OECD - Europe","CPALTT01","CPI: 01-12 - All items","IXOB","Index","M","Monthly","1997-04","Apr-1997","IDX","Index","0","units","2010_100","2010=100",61.81647,,
"OECDE","OECD - Europe","CPALTT01","CPI: 01-12 - All items","IXOB","Index","M","Monthly","1997-05","May-1997","IDX","Index","0","units","2010_100","2010=100",62.14668,,
"OECDE","OECD - Europe","CPALTT01","CPI: 01-12 - All items","IXOB","Index","M","Monthly","1997-06","Jun-1997","IDX","Index","0","units","2010_100","2010=100",62.36023,,
"OECDE","OECD - Europe","CPALTT01","CPI: 01-12 - All items","IXOB","Index","M","Monthly","1997-07","Jul-1997","IDX","Index","0","units","2010_100","2010=100",62.73223,,
"OECDE","OECD - Europe","CPALTT01","CPI: 01-12 - All items","IXOB","Index","M","Monthly","1997-08","Aug-1997","IDX","Index","0","units","2010_100","2010=100",63.16729,,
"OECDE","OECD - Europe","CPALTT01","CPI: 01-12 - All items","IXOB","Index","M","Monthly","1997-09","Sep-1997","IDX","Index","0","units","2010_100","2010=100",63.67633,,
"OECDE","OECD - Europe","CPALTT01","CPI: 01-12 - All items","IXOB","Index","M","Monthly","1997-10","Oct-1997","IDX","Index","0","units","2010_100","2010=100",64.18566,,
"OECDE","OECD - Europe","CPALTT01","CPI: 01-12 - All items","IXOB","Index","M","Monthly","1997-11","Nov-1997","IDX","Index","0","units","2010_100","2010=100",64.68439,,
"OECDE","OECD - Europe","CPALTT01","CPI: 01-12 - All items","IXOB","Index","M","Monthly","1997-12","Dec-1997","IDX","Index","0","units","2010_100","2010=100",65.1106,,
"OECDE","OECD - Europe","CPALTT01","CPI: 01-12 - All items","IXOB","Index","M","Monthly","1998-01","Jan-1998","IDX","Index","0","units","2010_100","2010=100",65.42902,,
"OECDE","OECD - Europe","CPALTT01","CPI: 01-12 - All items","IXOB","Index","M","Monthly","1998-02","Feb-1998","IDX","Index","0","units","2010_100","2010=100",65.79771,,
"OECDE","OECD - Europe","CPALTT01","CPI: 01-12 - All items","IXOB","Index","M","Monthly","1998-03","Mar-1998","IDX","Index","0","units","2010_100","2010=100",66.11407,,
"OECDE","OECD - Europe","CPALTT01","CPI: 01-12 - All items","IXOB","Index","M","Monthly","1998-04","Apr-1998","IDX","Index","0","units","2010_100","2010=100",66.50809,,
"OECDE","OECD - Europe","CPALTT01","CPI: 01-12 - All items","IXOB","Index","M","Monthly","1998-05","May-1998","IDX","Index","0","units","2010_100","2010=100",66.79858,,
"OECDE","OECD - Europe","CPALTT01","CPI: 01-12 - All items","IXOB","Index","M","Monthly","1998-06","Jun-1998","IDX","Index","0","units","2010_100","2010=100",66.93773,,
"OECDE","OECD - Europe","CPALTT01","CPI: 01-12 - All items","IXOB","Index","M","Monthly","1998-07","Jul-1998","IDX","Index","0","units","2010_100","2010=100",67.07142,,
"OECDE","OECD - Europe","CPALTT01","CPI: 01-12 - All items","IXOB","Index","M","Monthly","1998-08","Aug-1998","IDX","Index","0","units","2010_100","2010=100",67.27658,,
"OECDE","OECD - Europe","CPALTT01","CPI: 01-12 - All items","IXOB","Index","M","Monthly","1998-09","Sep-1998","IDX","Index","0","units","2010_100","2010=100",67.72239,,
"OECDE","OECD - Europe","CPALTT01","CPI: 01-12 - All items","IXOB","Index","M","Monthly","1998-10","Oct-1998","IDX","Index","0","units","2010_100","2010=100",68.09774,,
"OECDE","OECD - Europe","CPALTT01","CPI: 01-12 - All items","IXOB","Index","M","Monthly","1998-11","Nov-1998","IDX","Index","0","units","2010_100","2010=100",68.36843,,
"OECDE","OECD - Europe","CPALTT01","CPI: 01-12 - All items","IXOB","Index","M","Monthly","1998-12","Dec-1998","IDX","Index","0","units","2010_100","2010=100",68.64865,,
"OECDE","OECD - Europe","CPALTT01","CPI: 01-12 - All items","IXOB","Index","M","Monthly","1999-01","Jan-1999","IDX","Index","0","units","2010_100","2010=100",68.82036,,
"OECDE","OECD - Europe","CPALTT01","CPI: 01-12 - All items","IXOB","Index","M","Monthly","1999-02","Feb-1999","IDX","Index","0","units","2010_100","2010=100",69.0796,,
"OECDE","OECD - Europe","CPALTT01","CPI: 01-12 - All items","IXOB","Index","M","Monthly","1999-03","Mar-1999","IDX","Index","0","units","2010_100","2010=100",69.48785,,
"OECDE","OECD - Europe","CPALTT01","CPI: 01-12 - All items","IXOB","Index","M","Monthly","1999-04","Apr-1999","IDX","Index","0","units","2010_100","2010=100",69.95116,,
"OECDE","OECD - Europe","CPALTT01","CPI: 01-12 - All items","IXOB","Index","M","Monthly","1999-05","May-1999","IDX","Index","0","units","2010_100","2010=100",70.16812,,
"OECDE","OECD - Europe","CPALTT01","CPI: 01-12 - All items","IXOB","Index","M","Monthly","1999-06","Jun-1999","IDX","Index","0","units","2010_100","2010=100",70.33234,,
"OECDE","OECD - Europe","CPALTT01","CPI: 01-12 - All items","IXOB","Index","M","Monthly","1999-07","Jul-1999","IDX","Index","0","units","2010_100","2010=100",70.53503,,
"OECDE","OECD - Europe","CPALTT01","CPI: 01-12 - All items","IXOB","Index","M","Monthly","1999-08","Aug-1999","IDX","Index","0","units","2010_100","2010=100",70.84841,,
"OECDE","OECD - Europe","CPALTT01","CPI: 01-12 - All items","IXOB","Index","M","Monthly","1999-09","Sep-1999","IDX","Index","0","units","2010_100","2010=100",71.32635,,
"OECDE","OECD - Europe","CPALTT01","CPI: 01-12 - All items","IXOB","Index","M","Monthly","1999-10","Oct-1999","IDX","Index","0","units","2010_100","2010=100",71.74966,,
"OECDE","OECD - Europe","CPALTT01","CPI: 01-12 - All items","IXOB","Index","M","Monthly","1999-11","Nov-1999","IDX","Index","0","units","2010_100","2010=100",72.11376,,
"OECDE","OECD - Europe","CPALTT01","CPI: 01-12 - All items","IXOB","Index","M","Monthly","1999-12","Dec-1999","IDX","Index","0","units","2010_100","2010=100",72.70615,,
"OECDE","OECD - Europe","CPALTT01","CPI: 01-12 - All items","IXOB","Index","M","Monthly","2000-01","Jan-2000","IDX","Index","0","units","2010_100","2010=100",72.90611,,
"OECDE","OECD - Europe","CPALTT01","CPI: 01-12 - All items","IXOB","Index","M","Monthly","2000-02","Feb-2000","IDX","Index","0","units","2010_100","2010=100",73.26047,,
"OECDE","OECD - Europe","CPALTT01","CPI: 01-12 - All items","IXOB","Index","M","Monthly","2000-03","Mar-2000","IDX","Index","0","units","2010_100","2010=100",73.62228,,
"OECDE","OECD - Europe","CPALTT01","CPI: 01-12 - All items","IXOB","Index","M","Monthly","2000-04","Apr-2000","IDX","Index","0","units","2010_100","2010=100",73.84361,,
"OECDE","OECD - Europe","CPALTT01","CPI: 01-12 - All items","IXOB","Index","M","Monthly","2000-05","May-2000","IDX","Index","0","units","2010_100","2010=100",74.08675,,
"OECDE","OECD - Europe","CPALTT01","CPI: 01-12 - All items","IXOB","Index","M","Monthly","2000-06","Jun-2000","IDX","Index","0","units","2010_100","2010=100",74.32337,,
"OECDE","OECD - Europe","CPALTT01","CPI: 01-12 - All items","IXOB","Index","M","Monthly","2000-07","Jul-2000","IDX","Index","0","units","2010_100","2010=100",74.46762,,
"OECDE","OECD - Europe","CPALTT01","CPI: 01-12 - All items","IXOB","Index","M","Monthly","2000-08","Aug-2000","IDX","Index","0","units","2010_100","2010=100",74.59817,,
"OECDE","OECD - Europe","CPALTT01","CPI: 01-12 - All items","IXOB","Index","M","Monthly","2000-09","Sep-2000","IDX","Index","0","units","2010_100","2010=100",75.11262,,
"OECDE","OECD - Europe","CPALTT01","CPI: 01-12 - All items","IXOB","Index","M","Monthly","2000-10","Oct-2000","IDX","Index","0","units","2010_100","2010=100",75.32954,,
"OECDE","OECD - Europe","CPALTT01","CPI: 01-12 - All items","IXOB","Index","M","Monthly","2000-11","Nov-2000","IDX","Index","0","units","2010_100","2010=100",75.68749,,
"OECDE","OECD - Europe","CPALTT01","CPI: 01-12 - All items","IXOB","Index","M","Monthly","2000-12","Dec-2000","IDX","Index","0","units","2010_100","2010=100",75.95439,,
"OECDE","OECD - Europe","CPALTT01","CPI: 01-12 - All items","IXOB","Index","M","Monthly","2001-01","Jan-2001","IDX","Index","0","units","2010_100","2010=100",75.97456,,
"OECDE","OECD - Europe","CPALTT01","CPI: 01-12 - All items","IXOB","Index","M","Monthly","2001-02","Feb-2001","IDX","Index","0","units","2010_100","2010=100",76.33227,,
"OECDE","OECD - Europe","CPALTT01","CPI: 01-12 - All items","IXOB","Index","M","Monthly","2001-03","Mar-2001","IDX","Index","0","units","2010_100","2010=100",76.8291,,
"OECDE","OECD - Europe","CPALTT01","CPI: 01-12 - All items","IXOB","Index","M","Monthly","2001-04","Apr-2001","IDX","Index","0","units","2010_100","2010=100",77.70331,,
"OECDE","OECD - Europe","CPALTT01","CPI: 01-12 - All items","IXOB","Index","M","Monthly","2001-05","May-2001","IDX","Index","0","units","2010_100","2010=100",78.34151,,
"OECDE","OECD - Europe","CPALTT01","CPI: 01-12 - All items","IXOB","Index","M","Monthly","2001-06","Jun-2001","IDX","Index","0","units","2010_100","2010=100",78.61201,,
"OECDE","OECD - Europe","CPALTT01","CPI: 01-12 - All items","IXOB","Index","M","Monthly","2001-07","Jul-2001","IDX","Index","0","units","2010_100","2010=100",78.62891,,
"OECDE","OECD - Europe","CPALTT01","CPI: 01-12 - All items","IXOB","Index","M","Monthly","2001-08","Aug-2001","IDX","Index","0","units","2010_100","2010=100",78.80781,,
"OECDE","OECD - Europe","CPALTT01","CPI: 01-12 - All items","IXOB","Index","M","Monthly","2001-09","Sep-2001","IDX","Index","0","units","2010_100","2010=100",79.3183,,
"OECDE","OECD - Europe","CPALTT01","CPI: 01-12 - All items","IXOB","Index","M","Monthly","2001-10","Oct-2001","IDX","Index","0","units","2010_100","2010=100",79.70222,,
"OECDE","OECD - Europe","CPALTT01","CPI: 01-12 - All items","IXOB","Index","M","Monthly","2001-11","Nov-2001","IDX","Index","0","units","2010_100","2010=100",79.91703,,
"OECDE","OECD - Europe","CPALTT01","CPI: 01-12 - All items","IXOB","Index","M","Monthly","2001-12","Dec-2001","IDX","Index","0","units","2010_100","2010=100",80.36148,,
"OECDE","OECD - Europe","CPALTT01","CPI: 01-12 - All items","IXOB","Index","M","Monthly","2002-01","Jan-2002","IDX","Index","0","units","2010_100","2010=100",80.74471,,
"OECDE","OECD - Europe","CPALTT01","CPI: 01-12 - All items","IXOB","Index","M","Monthly","2002-02","Feb-2002","IDX","Index","0","units","2010_100","2010=100",80.97176,,
"OECDE","OECD - Europe","CPALTT01","CPI: 01-12 - All items","IXOB","Index","M","Monthly","2002-03","Mar-2002","IDX","Index","0","units","2010_100","2010=100",81.36613,,
"OECDE","OECD - Europe","CPALTT01","CPI: 01-12 - All items","IXOB","Index","M","Monthly","2002-04","Apr-2002","IDX","Index","0","units","2010_100","2010=100",81.75079,,
"OECDE","OECD - Europe","CPALTT01","CPI: 01-12 - All items","IXOB","Index","M","Monthly","2002-05","May-2002","IDX","Index","0","units","2010_100","2010=100",81.9111,,
"OECDE","OECD - Europe","CPALTT01","CPI: 01-12 - All items","IXOB","Index","M","Monthly","2002-06","Jun-2002","IDX","Index","0","units","2010_100","2010=100",81.91179,,
"OECDE","OECD - Europe","CPALTT01","CPI: 01-12 - All items","IXOB","Index","M","Monthly","2002-07","Jul-2002","IDX","Index","0","units","2010_100","2010=100",81.87366,,
"OECDE","OECD - Europe","CPALTT01","CPI: 01-12 - All items","IXOB","Index","M","Monthly","2002-08","Aug-2002","IDX","Index","0","units","2010_100","2010=100",82.06214,,
"OECDE","OECD - Europe","CPALTT01","CPI: 01-12 - All items","IXOB","Index","M","Monthly","2002-09","Sep-2002","IDX","Index","0","units","2010_100","2010=100",82.42389,,
"OECDE","OECD - Europe","CPALTT01","CPI: 01-12 - All items","IXOB","Index","M","Monthly","2002-10","Oct-2002","IDX","Index","0","units","2010_100","2010=100",82.7538,,
"OECDE","OECD - Europe","CPALTT01","CPI: 01-12 - All items","IXOB","Index","M","Monthly","2002-11","Nov-2002","IDX","Index","0","units","2010_100","2010=100",82.88351,,
"OECDE","OECD - Europe","CPALTT01","CPI: 01-12 - All items","IXOB","Index","M","Monthly","2002-12","Dec-2002","IDX","Index","0","units","2010_100","2010=100",83.24612,,
"OECDE","OECD - Europe","CPALTT01","CPI: 01-12 - All items","IXOB","Index","M","Monthly","2003-01","Jan-2003","IDX","Index","0","units","2010_100","2010=100",83.40705,,
"OECDE","OECD - Europe","CPALTT01","CPI: 01-12 - All items","IXOB","Index","M","Monthly","2003-02","Feb-2003","IDX","Index","0","units","2010_100","2010=100",83.79476,,
"OECDE","OECD - Europe","CPALTT01","CPI: 01-12 - All items","IXOB","Index","M","Monthly","2003-03","Mar-2003","IDX","Index","0","units","2010_100","2010=100",84.19508,,
"OECDE","OECD - Europe","CPALTT01","CPI: 01-12 - All items","IXOB","Index","M","Monthly","2003-04","Apr-2003","IDX","Index","0","units","2010_100","2010=100",84.31498,,
"OECDE","OECD - Europe","CPALTT01","CPI: 01-12 - All items","IXOB","Index","M","Monthly","2003-05","May-2003","IDX","Index","0","units","2010_100","2010=100",84.33205,,
"OECDE","OECD - Europe","CPALTT01","CPI: 01-12 - All items","IXOB","Index","M","Monthly","2003-06","Jun-2003","IDX","Index","0","units","2010_100","2010=100",84.38102,,
"OECDE","OECD - Europe","CPALTT01","CPI: 01-12 - All items","IXOB","Index","M","Monthly","2003-07","Jul-2003","IDX","Index","0","units","2010_100","2010=100",84.29476,,
"OECDE","OECD - Europe","CPALTT01","CPI: 01-12 - All items","IXOB","Index","M","Monthly","2003-08","Aug-2003","IDX","Index","0","units","2010_100","2010=100",84.43991,,
"OECDE","OECD - Europe","CPALTT01","CPI: 01-12 - All items","IXOB","Index","M","Monthly","2003-09","Sep-2003","IDX","Index","0","units","2010_100","2010=100",84.72859,,
"OECDE","OECD - Europe","CPALTT01","CPI: 01-12 - All items","IXOB","Index","M","Monthly","2003-10","Oct-2003","IDX","Index","0","units","2010_100","2010=100",84.89933,,
"OECDE","OECD - Europe","CPALTT01","CPI: 01-12 - All items","IXOB","Index","M","Monthly","2003-11","Nov-2003","IDX","Index","0","units","2010_100","2010=100",85.00504,,
"OECDE","OECD - Europe","CPALTT01","CPI: 01-12 - All items","IXOB","Index","M","Monthly","2003-12","Dec-2003","IDX","Index","0","units","2010_100","2010=100",85.22667,,
"OECDE","OECD - Europe","CPALTT01","CPI: 01-12 - All items","IXOB","Index","M","Monthly","2004-01","Jan-2004","IDX","Index","0","units","2010_100","2010=100",85.20609,,
"OECDE","OECD - Europe","CPALTT01","CPI: 01-12 - All items","IXOB","Index","M","Monthly","2004-02","Feb-2004","IDX","Index","0","units","2010_100","2010=100",85.42876,,
"OECDE","OECD - Europe","CPALTT01","CPI: 01-12 - All items","IXOB","Index","M","Monthly","2004-03","Mar-2004","IDX","Index","0","units","2010_100","2010=100",85.79764,,
"OECDE","OECD - Europe","CPALTT01","CPI: 01-12 - All items","IXOB","Index","M","Monthly","2004-04","Apr-2004","IDX","Index","0","units","2010_100","2010=100",86.16914,,
"OECDE","OECD - Europe","CPALTT01","CPI: 01-12 - All items","IXOB","Index","M","Monthly","2004-05","May-2004","IDX","Index","0","units","2010_100","2010=100",86.47771,,
"OECDE","OECD - Europe","CPALTT01","CPI: 01-12 - All items","IXOB","Index","M","Monthly","2004-06","Jun-2004","IDX","Index","0","units","2010_100","2010=100",86.51693,,
"OECDE","OECD - Europe","CPALTT01","CPI: 01-12 - All items","IXOB","Index","M","Monthly","2004-07","Jul-2004","IDX","Index","0","units","2010_100","2010=100",86.40603,,
"OECDE","OECD - Europe","CPALTT01","CPI: 01-12 - All items","IXOB","Index","M","Monthly","2004-08","Aug-2004","IDX","Index","0","units","2010_100","2010=100",86.58516,,
"OECDE","OECD - Europe","CPALTT01","CPI: 01-12 - All items","IXOB","Index","M","Monthly","2004-09","Sep-2004","IDX","Index","0","units","2010_100","2010=100",86.71832,,
"OECDE","OECD - Europe","CPALTT01","CPI: 01-12 - All items","IXOB","Index","M","Monthly","2004-10","Oct-2004","IDX","Index","0","units","2010_100","2010=100",87.07413,,
"OECDE","OECD - Europe","CPALTT01","CPI: 01-12 - All items","IXOB","Index","M","Monthly","2004-11","Nov-2004","IDX","Index","0","units","2010_100","2010=100",87.15806,,
"OECDE","OECD - Europe","CPALTT01","CPI: 01-12 - All items","IXOB","Index","M","Monthly","2004-12","Dec-2004","IDX","Index","0","units","2010_100","2010=100",87.44158,,
"OECDE","OECD - Europe","CPALTT01","CPI: 01-12 - All items","IXOB","Index","M","Monthly","2005-01","Jan-2005","IDX","Index","0","units","2010_100","2010=100",87.16445,,
"OECDE","OECD - Europe","CPALTT01","CPI: 01-12 - All items","IXOB","Index","M","Monthly","2005-02","Feb-2005","IDX","Index","0","units","2010_100","2010=100",87.43169,,
"OECDE","OECD - Europe","CPALTT01","CPI: 01-12 - All items","IXOB","Index","M","Monthly","2005-03","Mar-2005","IDX","Index","0","units","2010_100","2010=100",87.87471,,
"OECDE","OECD - Europe","CPALTT01","CPI: 01-12 - All items","IXOB","Index","M","Monthly","2005-04","Apr-2005","IDX","Index","0","units","2010_100","2010=100",88.15902,,
"OECDE","OECD - Europe","CPALTT01","CPI: 01-12 - All items","IXOB","Index","M","Monthly","2005-05","May-2005","IDX","Index","0","units","2010_100","2010=100",88.37514,,
"OECDE","OECD - Europe","CPALTT01","CPI: 01-12 - All items","IXOB","Index","M","Monthly","2005-06","Jun-2005","IDX","Index","0","units","2010_100","2010=100",88.44117,,
"OECDE","OECD - Europe","CPALTT01","CPI: 01-12 - All items","IXOB","Index","M","Monthly","2005-07","Jul-2005","IDX","Index","0","units","2010_100","2010=100",88.43585,,
"OECDE","OECD - Europe","CPALTT01","CPI: 01-12 - All items","IXOB","Index","M","Monthly","2005-08","Aug-2005","IDX","Index","0","units","2010_100","2010=100",88.64516,,
"OECDE","OECD - Europe","CPALTT01","CPI: 01-12 - All items","IXOB","Index","M","Monthly","2005-09","Sep-2005","IDX","Index","0","units","2010_100","2010=100",88.97644,,
"OECDE","OECD - Europe","CPALTT01","CPI: 01-12 - All items","IXOB","Index","M","Monthly","2005-10","Oct-2005","IDX","Index","0","units","2010_100","2010=100",89.23815,,
"OECDE","OECD - Europe","CPALTT01","CPI: 01-12 - All items","IXOB","Index","M","Monthly","2005-11","Nov-2005","IDX","Index","0","units","2010_100","2010=100",89.22635,,
"OECDE","OECD - Europe","CPALTT01","CPI: 01-12 - All items","IXOB","Index","M","Monthly","2005-12","Dec-2005","IDX","Index","0","units","2010_100","2010=100",89.43394,,
"OECDE","OECD - Europe","CPALTT01","CPI: 01-12 - All items","IXOB","Index","M","Monthly","2006-01","Jan-2006","IDX","Index","0","units","2010_100","2010=100",89.32673,,
"OECDE","OECD - Europe","CPALTT01","CPI: 01-12 - All items","IXOB","Index","M","Monthly","2006-02","Feb-2006","IDX","Index","0","units","2010_100","2010=100",89.59879,,
"OECDE","OECD - Europe","CPALTT01","CPI: 01-12 - All items","IXOB","Index","M","Monthly","2006-03","Mar-2006","IDX","Index","0","units","2010_100","2010=100",89.87156,,
"OECDE","OECD - Europe","CPALTT01","CPI: 01-12 - All items","IXOB","Index","M","Monthly","2006-04","Apr-2006","IDX","Index","0","units","2010_100","2010=100",90.40279,,
"OECDE","OECD - Europe","CPALTT01","CPI: 01-12 - All items","IXOB","Index","M","Monthly","2006-05","May-2006","IDX","Index","0","units","2010_100","2010=100",90.76295,,
"OECDE","OECD - Europe","CPALTT01","CPI: 01-12 - All items","IXOB","Index","M","Monthly","2006-06","Jun-2006","IDX","Index","0","units","2010_100","2010=100",90.86555,,
"OECDE","OECD - Europe","CPALTT01","CPI: 01-12 - All items","IXOB","Index","M","Monthly","2006-07","Jul-2006","IDX","Index","0","units","2010_100","2010=100",90.92544,,
"OECDE","OECD - Europe","CPALTT01","CPI: 01-12 - All items","IXOB","Index","M","Monthly","2006-08","Aug-2006","IDX","Index","0","units","2010_100","2010=100",91.03223,,
"OECDE","OECD - Europe","CPALTT01","CPI: 01-12 - All items","IXOB","Index","M","Monthly","2006-09","Sep-2006","IDX","Index","0","units","2010_100","2010=100",91.10512,,
"OECDE","OECD - Europe","CPALTT01","CPI: 01-12 - All items","IXOB","Index","M","Monthly","2006-10","Oct-2006","IDX","Index","0","units","2010_100","2010=100",91.2193,,
"OECDE","OECD - Europe","CPALTT01","CPI: 01-12 - All items","IXOB","Index","M","Monthly","2006-11","Nov-2006","IDX","Index","0","units","2010_100","2010=100",91.37831,,
"OECDE","OECD - Europe","CPALTT01","CPI: 01-12 - All items","IXOB","Index","M","Monthly","2006-12","Dec-2006","IDX","Index","0","units","2010_100","2010=100",91.66677,,
"OECDE","OECD - Europe","CPALTT01","CPI: 01-12 - All items","IXOB","Index","M","Monthly","2007-01","Jan-2007","IDX","Index","0","units","2010_100","2010=100",91.52191,,
"OECDE","OECD - Europe","CPALTT01","CPI: 01-12 - All items","IXOB","Index","M","Monthly","2007-02","Feb-2007","IDX","Index","0","units","2010_100","2010=100",91.82044,,
"OECDE","OECD - Europe","CPALTT01","CPI: 01-12 - All items","IXOB","Index","M","Monthly","2007-03","Mar-2007","IDX","Index","0","units","2010_100","2010=100",92.27914,,
"OECDE","OECD - Europe","CPALTT01","CPI: 01-12 - All items","IXOB","Index","M","Monthly","2007-04","Apr-2007","IDX","Index","0","units","2010_100","2010=100",92.79593,,
"OECDE","OECD - Europe","CPALTT01","CPI: 01-12 - All items","IXOB","Index","M","Monthly","2007-05","May-2007","IDX","Index","0","units","2010_100","2010=100",93.0076,,
"OECDE","OECD - Europe","CPALTT01","CPI: 01-12 - All items","IXOB","Index","M","Monthly","2007-06","Jun-2007","IDX","Index","0","units","2010_100","2010=100",93.07935,,
"OECDE","OECD - Europe","CPALTT01","CPI: 01-12 - All items","IXOB","Index","M","Monthly","2007-07","Jul-2007","IDX","Index","0","units","2010_100","2010=100",92.92796,,
"OECDE","OECD - Europe","CPALTT01","CPI: 01-12 - All items","IXOB","Index","M","Monthly","2007-08","Aug-2007","IDX","Index","0","units","2010_100","2010=100",93.00063,,
"OECDE","OECD - Europe","CPALTT01","CPI: 01-12 - All items","IXOB","Index","M","Monthly","2007-09","Sep-2007","IDX","Index","0","units","2010_100","2010=100",93.29097,,
"OECDE","OECD - Europe","CPALTT01","CPI: 01-12 - All items","IXOB","Index","M","Monthly","2007-10","Oct-2007","IDX","Index","0","units","2010_100","2010=100",93.79093,,
"OECDE","OECD - Europe","CPALTT01","CPI: 01-12 - All items","IXOB","Index","M","Monthly","2007-11","Nov-2007","IDX","Index","0","units","2010_100","2010=100",94.35189,,
"OECDE","OECD - Europe","CPALTT01","CPI: 01-12 - All items","IXOB","Index","M","Monthly","2007-12","Dec-2007","IDX","Index","0","units","2010_100","2010=100",94.72269,,
"OECDE","OECD - Europe","CPALTT01","CPI: 01-12 - All items","IXOB","Index","M","Monthly","2008-01","Jan-2008","IDX","Index","0","units","2010_100","2010=100",94.67891,,
"OECDE","OECD - Europe","CPALTT01","CPI: 01-12 - All items","IXOB","Index","M","Monthly","2008-02","Feb-2008","IDX","Index","0","units","2010_100","2010=100",95.10394,,
"OECDE","OECD - Europe","CPALTT01","CPI: 01-12 - All items","IXOB","Index","M","Monthly","2008-03","Mar-2008","IDX","Index","0","units","2010_100","2010=100",95.73103,,
"OECDE","OECD - Europe","CPALTT01","CPI: 01-12 - All items","IXOB","Index","M","Monthly","2008-04","Apr-2008","IDX","Index","0","units","2010_100","2010=100",96.17841,,
"OECDE","OECD - Europe","CPALTT01","CPI: 01-12 - All items","IXOB","Index","M","Monthly","2008-05","May-2008","IDX","Index","0","units","2010_100","2010=100",96.80828,,
"OECDE","OECD - Europe","CPALTT01","CPI: 01-12 - All items","IXOB","Index","M","Monthly","2008-06","Jun-2008","IDX","Index","0","units","2010_100","2010=100",97.12024,,
"OECDE","OECD - Europe","CPALTT01","CPI: 01-12 - All items","IXOB","Index","M","Monthly","2008-07","Jul-2008","IDX","Index","0","units","2010_100","2010=100",97.23708,,
"OECDE","OECD - Europe","CPALTT01","CPI: 01-12 - All items","IXOB","Index","M","Monthly","2008-08","Aug-2008","IDX","Index","0","units","2010_100","2010=100",97.21798,,
"OECDE","OECD - Europe","CPALTT01","CPI: 01-12 - All items","IXOB","Index","M","Monthly","2008-09","Sep-2008","IDX","Index","0","units","2010_100","2010=100",97.40219,,
"OECDE","OECD - Europe","CPALTT01","CPI: 01-12 - All items","IXOB","Index","M","Monthly","2008-10","Oct-2008","IDX","Index","0","units","2010_100","2010=100",97.53011,,
"OECDE","OECD - Europe","CPALTT01","CPI: 01-12 - All items","IXOB","Index","M","Monthly","2008-11","Nov-2008","IDX","Index","0","units","2010_100","2010=100",97.25048,,
"OECDE","OECD - Europe","CPALTT01","CPI: 01-12 - All items","IXOB","Index","M","Monthly","2008-12","Dec-2008","IDX","Index","0","units","2010_100","2010=100",97.0291,,
"OECDE","OECD - Europe","CPALTT01","CPI: 01-12 - All items","IXOB","Index","M","Monthly","2009-01","Jan-2009","IDX","Index","0","units","2010_100","2010=100",96.66106,,
"OECDE","OECD - Europe","CPALTT01","CPI: 01-12 - All items","IXOB","Index","M","Monthly","2009-02","Feb-2009","IDX","Index","0","units","2010_100","2010=100",97.03133,,
"OECDE","OECD - Europe","CPALTT01","CPI: 01-12 - All items","IXOB","Index","M","Monthly","2009-03","Mar-2009","IDX","Index","0","units","2010_100","2010=100",97.2615,,
"OECDE","OECD - Europe","CPALTT01","CPI: 01-12 - All items","IXOB","Index","M","Monthly","2009-04","Apr-2009","IDX","Index","0","units","2010_100","2010=100",97.52438,,
"OECDE","OECD - Europe","CPALTT01","CPI: 01-12 - All items","IXOB","Index","M","Monthly","2009-05","May-2009","IDX","Index","0","units","2010_100","2010=100",97.7206,,
"OECDE","OECD - Europe","CPALTT01","CPI: 01-12 - All items","IXOB","Index","M","Monthly","2009-06","Jun-2009","IDX","Index","0","units","2010_100","2010=100",97.89139,,
"OECDE","OECD - Europe","CPALTT01","CPI: 01-12 - All items","IXOB","Index","M","Monthly","2009-07","Jul-2009","IDX","Index","0","units","2010_100","2010=100",97.66509,,
"OECDE","OECD - Europe","CPALTT01","CPI: 01-12 - All items","IXOB","Index","M","Monthly","2009-08","Aug-2009","IDX","Index","0","units","2010_100","2010=100",97.8681,,
"OECDE","OECD - Europe","CPALTT01","CPI: 01-12 - All items","IXOB","Index","M","Monthly","2009-09","Sep-2009","IDX","Index","0","units","2010_100","2010=100",97.84768,,
"OECDE","OECD - Europe","CPALTT01","CPI: 01-12 - All items","IXOB","Index","M","Monthly","2009-10","Oct-2009","IDX","Index","0","units","2010_100","2010=100",98.13718,,
"OECDE","OECD - Europe","CPALTT01","CPI: 01-12 - All items","IXOB","Index","M","Monthly","2009-11","Nov-2009","IDX","Index","0","units","2010_100","2010=100",98.35537,,
"OECDE","OECD - Europe","CPALTT01","CPI: 01-12 - All items","IXOB","Index","M","Monthly","2009-12","Dec-2009","IDX","Index","0","units","2010_100","2010=100",98.6543,,
"OECDE","OECD - Europe","CPALTT01","CPI: 01-12 - All items","IXOB","Index","M","Monthly","2010-01","Jan-2010","IDX","Index","0","units","2010_100","2010=100",98.57535,,
"OECDE","OECD - Europe","CPALTT01","CPI: 01-12 - All items","IXOB","Index","M","Monthly","2010-02","Feb-2010","IDX","Index","0","units","2010_100","2010=100",98.95815,,
"OECDE","OECD - Europe","CPALTT01","CPI: 01-12 - All items","IXOB","Index","M","Monthly","2010-03","Mar-2010","IDX","Index","0","units","2010_100","2010=100",99.53139,,
"OECDE","OECD - Europe","CPALTT01","CPI: 01-12 - All items","IXOB","Index","M","Monthly","2010-04","Apr-2010","IDX","Index","0","units","2010_100","2010=100",99.96647,,
"OECDE","OECD - Europe","CPALTT01","CPI: 01-12 - All items","IXOB","Index","M","Monthly","2010-05","May-2010","IDX","Index","0","units","2010_100","2010=100",100.045,,
"OECDE","OECD - Europe","CPALTT01","CPI: 01-12 - All items","IXOB","Index","M","Monthly","2010-06","Jun-2010","IDX","Index","0","units","2010_100","2010=100",100.0305,,
"OECDE","OECD - Europe","CPALTT01","CPI: 01-12 - All items","IXOB","Index","M","Monthly","2010-07","Jul-2010","IDX","Index","0","units","2010_100","2010=100",99.90323,,
"OECDE","OECD - Europe","CPALTT01","CPI: 01-12 - All items","IXOB","Index","M","Monthly","2010-08","Aug-2010","IDX","Index","0","units","2010_100","2010=100",100.0768,,
"OECDE","OECD - Europe","CPALTT01","CPI: 01-12 - All items","IXOB","Index","M","Monthly","2010-09","Sep-2010","IDX","Index","0","units","2010_100","2010=100",100.2458,,
"OECDE","OECD - Europe","CPALTT01","CPI: 01-12 - All items","IXOB","Index","M","Monthly","2010-10","Oct-2010","IDX","Index","0","units","2010_100","2010=100",100.616,,
"OECDE","OECD - Europe","CPALTT01","CPI: 01-12 - All items","IXOB","Index","M","Monthly","2010-11","Nov-2010","IDX","Index","0","units","2010_100","2010=100",100.7817,,
"OECDE","OECD - Europe","CPALTT01","CPI: 01-12 - All items","IXOB","Index","M","Monthly","2010-12","Dec-2010","IDX","Index","0","units","2010_100","2010=100",101.2696,,
"OECDE","OECD - Europe","CPALTT01","CPI: 01-12 - All items","IXOB","Index","M","Monthly","2011-01","Jan-2011","IDX","Index","0","units","2010_100","2010=100",101.306,,
"OECDE","OECD - Europe","CPALTT01","CPI: 01-12 - All items","IXOB","Index","M","Monthly","2011-02","Feb-2011","IDX","Index","0","units","2010_100","2010=100",101.776,,
"OECDE","OECD - Europe","CPALTT01","CPI: 01-12 - All items","IXOB","Index","M","Monthly","2011-03","Mar-2011","IDX","Index","0","units","2010_100","2010=100",102.4581,,
"OECDE","OECD - Europe","CPALTT01","CPI: 01-12 - All items","IXOB","Index","M","Monthly","2011-04","Apr-2011","IDX","Index","0","units","2010_100","2010=100",102.9982,,
"OECDE","OECD - Europe","CPALTT01","CPI: 01-12 - All items","IXOB","Index","M","Monthly","2011-05","May-2011","IDX","Index","0","units","2010_100","2010=100",103.2865,,
"OECDE","OECD - Europe","CPALTT01","CPI: 01-12 - All items","IXOB","Index","M","Monthly","2011-06","Jun-2011","IDX","Index","0","units","2010_100","2010=100",103.1339,,
"OECDE","OECD - Europe","CPALTT01","CPI: 01-12 - All items","IXOB","Index","M","Monthly","2011-07","Jul-2011","IDX","Index","0","units","2010_100","2010=100",102.9947,,
"OECDE","OECD - Europe","CPALTT01","CPI: 01-12 - All items","IXOB","Index","M","Monthly","2011-08","Aug-2011","IDX","Index","0","units","2010_100","2010=100",103.2293,,
"OECDE","OECD - Europe","CPALTT01","CPI: 01-12 - All items","IXOB","Index","M","Monthly","2011-09","Sep-2011","IDX","Index","0","units","2010_100","2010=100",103.5988,,
"OECDE","OECD - Europe","CPALTT01","CPI: 01-12 - All items","IXOB","Index","M","Monthly","2011-10","Oct-2011","IDX","Index","0","units","2010_100","2010=100",104.1106,,
"OECDE","OECD - Europe","CPALTT01","CPI: 01-12 - All items","IXOB","Index","M","Monthly","2011-11","Nov-2011","IDX","Index","0","units","2010_100","2010=100",104.4243,,
"OECDE","OECD - Europe","CPALTT01","CPI: 01-12 - All items","IXOB","Index","M","Monthly","2011-12","Dec-2011","IDX","Index","0","units","2010_100","2010=100",104.696,,
"OECDE","OECD - Europe","CPALTT01","CPI: 01-12 - All items","IXOB","Index","M","Monthly","2012-01","Jan-2012","IDX","Index","0","units","2010_100","2010=100",104.6147,,
"OECDE","OECD - Europe","CPALTT01","CPI: 01-12 - All items","IXOB","Index","M","Monthly","2012-02","Feb-2012","IDX","Index","0","units","2010_100","2010=100",105.1098,,
"OECDE","OECD - Europe","CPALTT01","CPI: 01-12 - All items","IXOB","Index","M","Monthly","2012-03","Mar-2012","IDX","Index","0","units","2010_100","2010=100",105.7495,,
"OECDE","OECD - Europe","CPALTT01","CPI: 01-12 - All items","IXOB","Index","M","Monthly","2012-04","Apr-2012","IDX","Index","0","units","2010_100","2010=100",106.2187,,
"OECDE","OECD - Europe","CPALTT01","CPI: 01-12 - All items","IXOB","Index","M","Monthly","2012-05","May-2012","IDX","Index","0","units","2010_100","2010=100",106.1572,,
"OECDE","OECD - Europe","CPALTT01","CPI: 01-12 - All items","IXOB","Index","M","Monthly","2012-06","Jun-2012","IDX","Index","0","units","2010_100","2010=100",105.9624,,
"OECDE","OECD - Europe","CPALTT01","CPI: 01-12 - All items","IXOB","Index","M","Monthly","2012-07","Jul-2012","IDX","Index","0","units","2010_100","2010=100",105.9078,,
"OECDE","OECD - Europe","CPALTT01","CPI: 01-12 - All items","IXOB","Index","M","Monthly","2012-08","Aug-2012","IDX","Index","0","units","2010_100","2010=100",106.2789,,
"OECDE","OECD - Europe","CPALTT01","CPI: 01-12 - All items","IXOB","Index","M","Monthly","2012-09","Sep-2012","IDX","Index","0","units","2010_100","2010=100",106.6163,,
"OECDE","OECD - Europe","CPALTT01","CPI: 01-12 - All items","IXOB","Index","M","Monthly","2012-10","Oct-2012","IDX","Index","0","units","2010_100","2010=100",107.0514,,
"OECDE","OECD - Europe","CPALTT01","CPI: 01-12 - All items","IXOB","Index","M","Monthly","2012-11","Nov-2012","IDX","Index","0","units","2010_100","2010=100",107.0183,,
"OECDE","OECD - Europe","CPALTT01","CPI: 01-12 - All items","IXOB","Index","M","Monthly","2012-12","Dec-2012","IDX","Index","0","units","2010_100","2010=100",107.2569,,
"OECDE","OECD - Europe","CPALTT01","CPI: 01-12 - All items","IXOB","Index","M","Monthly","2013-01","Jan-2013","IDX","Index","0","units","2010_100","2010=100",107.0202,,
"OECDE","OECD - Europe","CPALTT01","CPI: 01-12 - All items","IXOB","Index","M","Monthly","2013-02","Feb-2013","IDX","Index","0","units","2010_100","2010=100",107.3851,,
"OECDE","OECD - Europe","CPALTT01","CPI: 01-12 - All items","IXOB","Index","M","Monthly","2013-03","Mar-2013","IDX","Index","0","units","2010_100","2010=100",107.9163,,
"OECDE","OECD - Europe","CPALTT01","CPI: 01-12 - All items","IXOB","Index","M","Monthly","2013-04","Apr-2013","IDX","Index","0","units","2010_100","2010=100",107.9505,,
"OECDE","OECD - Europe","CPALTT01","CPI: 01-12 - All items","IXOB","Index","M","Monthly","2013-05","May-2013","IDX","Index","0","units","2010_100","2010=100",108.0925,,
"OECDE","OECD - Europe","CPALTT01","CPI: 01-12 - All items","IXOB","Index","M","Monthly","2013-06","Jun-2013","IDX","Index","0","units","2010_100","2010=100",108.2166,,
"OECDE","OECD - Europe","CPALTT01","CPI: 01-12 - All items","IXOB","Index","M","Monthly","2013-07","Jul-2013","IDX","Index","0","units","2010_100","2010=100",108.2383,,
"OECDE","OECD - Europe","CPALTT01","CPI: 01-12 - All items","IXOB","Index","M","Monthly","2013-08","Aug-2013","IDX","Index","0","units","2010_100","2010=100",108.3682,,
"OECDE","OECD - Europe","CPALTT01","CPI: 01-12 - All items","IXOB","Index","M","Monthly","2013-09","Sep-2013","IDX","Index","0","units","2010_100","2010=100",108.5089,,
"OECDE","OECD - Europe","CPALTT01","CPI: 01-12 - All items","IXOB","Index","M","Monthly","2013-10","Oct-2013","IDX","Index","0","units","2010_100","2010=100",108.6244,,
"OECDE","OECD - Europe","CPALTT01","CPI: 01-12 - All items","IXOB","Index","M","Monthly","2013-11","Nov-2013","IDX","Index","0","units","2010_100","2010=100",108.59,,
"OECDE","OECD - Europe","CPALTT01","CPI: 01-12 - All items","IXOB","Index","M","Monthly","2013-12","Dec-2013","IDX","Index","0","units","2010_100","2010=100",108.8882,,
"OECDE","OECD - Europe","CPALTT01","CPI: 01-12 - All items","IXOB","Index","M","Monthly","2014-01","Jan-2014","IDX","Index","0","units","2010_100","2010=100",108.5961,,
"OECDE","OECD - Europe","CPALTT01","CPI: 01-12 - All items","IXOB","Index","M","Monthly","2014-02","Feb-2014","IDX","Index","0","units","2010_100","2010=100",108.9095,,
"OECDE","OECD - Europe","CPALTT01","CPI: 01-12 - All items","IXOB","Index","M","Monthly","2014-03","Mar-2014","IDX","Index","0","units","2010_100","2010=100",109.3456,,
"OECDE","OECD - Europe","CPALTT01","CPI: 01-12 - All items","IXOB","Index","M","Monthly","2014-04","Apr-2014","IDX","Index","0","units","2010_100","2010=100",109.6148,,
"OECDE","OECD - Europe","CPALTT01","CPI: 01-12 - All items","IXOB","Index","M","Monthly","2014-05","May-2014","IDX","Index","0","units","2010_100","2010=100",109.5943,,
"OECDE","OECD - Europe","CPALTT01","CPI: 01-12 - All items","IXOB","Index","M","Monthly","2014-06","Jun-2014","IDX","Index","0","units","2010_100","2010=100",109.7334,,
"OECDE","OECD - Europe","CPALTT01","CPI: 01-12 - All items","IXOB","Index","M","Monthly","2014-07","Jul-2014","IDX","Index","0","units","2010_100","2010=100",109.6036,,
"OECDE","OECD - Europe","CPALTT01","CPI: 01-12 - All items","IXOB","Index","M","Monthly","2014-08","Aug-2014","IDX","Index","0","units","2010_100","2010=100",109.7,,
"OECDE","OECD - Europe","CPALTT01","CPI: 01-12 - All items","IXOB","Index","M","Monthly","2014-09","Sep-2014","IDX","Index","0","units","2010_100","2010=100",109.7124,,
"OECDE","OECD - Europe","CPALTT01","CPI: 01-12 - All items","IXOB","Index","M","Monthly","2014-10","Oct-2014","IDX","Index","0","units","2010_100","2010=100",109.887,,
"OECDE","OECD - Europe","CPALTT01","CPI: 01-12 - All items","IXOB","Index","M","Monthly","2014-11","Nov-2014","IDX","Index","0","units","2010_100","2010=100",109.744,,
"OECDE","OECD - Europe","CPALTT01","CPI: 01-12 - All items","IXOB","Index","M","Monthly","2014-12","Dec-2014","IDX","Index","0","units","2010_100","2010=100",109.5989,,
"OECDE","OECD - Europe","CPALTT01","CPI: 01-12 - All items","IXOB","Index","M","Monthly","2015-01","Jan-2015","IDX","Index","0","units","2010_100","2010=100",108.8566,,
"OECDE","OECD - Europe","CPALTT01","CPI: 01-12 - All items","IXOB","Index","M","Monthly","2015-02","Feb-2015","IDX","Index","0","units","2010_100","2010=100",109.3423,,
"OECDE","OECD - Europe","CPALTT01","CPI: 01-12 - All items","IXOB","Index","M","Monthly","2015-03","Mar-2015","IDX","Index","0","units","2010_100","2010=100",109.9149,,
"OECDE","OECD - Europe","CPALTT01","CPI: 01-12 - All items","IXOB","Index","M","Monthly","2015-04","Apr-2015","IDX","Index","0","units","2010_100","2010=100",110.3123,,
"OECDE","OECD - Europe","CPALTT01","CPI: 01-12 - All items","IXOB","Index","M","Monthly","2015-05","May-2015","IDX","Index","0","units","2010_100","2010=100",110.5395,,
"OECDE","OECD - Europe","CPALTT01","CPI: 01-12 - All items","IXOB","Index","M","Monthly","2015-06","Jun-2015","IDX","Index","0","units","2010_100","2010=100",110.5157,,
"OECDE","OECD - Europe","CPALTT01","CPI: 01-12 - All items","IXOB","Index","M","Monthly","2015-07","Jul-2015","IDX","Index","0","units","2010_100","2010=100",110.3379,,
"OECDE","OECD - Europe","CPALTT01","CPI: 01-12 - All items","IXOB","Index","M","Monthly","2015-08","Aug-2015","IDX","Index","0","units","2010_100","2010=100",110.3947,,
"OECDE","OECD - Europe","CPALTT01","CPI: 01-12 - All items","IXOB","Index","M","Monthly","2015-09","Sep-2015","IDX","Index","0","units","2010_100","2010=100",110.3253,,
"OECDE","OECD - Europe","CPALTT01","CPI: 01-12 - All items","IXOB","Index","M","Monthly","2015-10","Oct-2015","IDX","Index","0","units","2010_100","2010=100",110.6006,,
"OECDE","OECD - Europe","CPALTT01","CPI: 01-12 - All items","IXOB","Index","M","Monthly","2015-11","Nov-2015","IDX","Index","0","units","2010_100","2010=100",110.5776,,
"OECDE","OECD - Europe","CPALTT01","CPI: 01-12 - All items","IXOB","Index","M","Monthly","2015-12","Dec-2015","IDX","Index","0","units","2010_100","2010=100",110.5718,,
